"#Time along first column, position along first row. ",,,,,,,,,,,,,,,,,,,,,,,,,,,,,,,,,,,,,,,,,,,,,,,,,,,,,,,,,,,,,,,,,,,,,,,,,,,,,,,,,,,,,,,,,,,,,,,,,,,,,,,,,,,,,,,,,,,,,,,,,,,,,,,,,,,,,,,,,,,,,,,,,,,,,,,,,,,,,,,,,,,,,,,,,,,,,,,,,,,,,,,,,,,,,,,,,,,,,,,,,,,,,,,,,,,,,,,,,,,,,,,,,,,,,,,,,,,,,,,,,,,,,,,,,,,,,,,,,,,,,,,,,,,,,,,,,,,,,,,,,,,,,,,,,,,,,,,,,,,,,,,,,,,,,,,,,,,,,,,,,,,,,,,,,,,,,,,,,,,,
Time/Position,0,30,60,90,120,150,180,210,240,270,300,330,360,390,420,450,480,510,540,570,600,630,660,690,720,750,780,810,840,870,900,930,960,990,1020,1050,1080,1110,1140,1170,1200,1230,1260,1290,1320,1350,1380,1410,1440,1470,1500,1530,1560,1590,1620,1650,1680,1710,1740,1770,1800,1830,1860,1890,1920,1950,1980,2010,2040,2070,2100,2130,2160,2190,2220,2250,2280,2310,2340,2370,2400,2430,2460,2490,2520,2550,2580,2610,2640,2670,2700,2730,2760,2790,2820,2850,2880,2910,2940,2970,3000,3030,3060,3090,3120,3150,3180,3210,3240,3270,3300,3330,3360,3390,3420,3450,3480,3510,3540,3570,3600,3630,3660,3690,3720,3750,3780,3810,3840,3870,3900,3930,3960,3990,4020,4050,4080,4110,4140,4170,4200,4230,4260,4290,4320,4350,4380,4410,4440,4470,4500,4530,4560,4590,4620,4650,4680,4710,4740,4770,4800,4830,4860,4890,4920,4950,4980,5010,5040,5070,5100,5130,5160,5190,5220,5250,5280,5310,5340,5370,5400,5430,5460,5490,5520,5550,5580,5610,5640,5670,5700,5730,5760,5790,5820,5850,5880,5910,5940,5970,6000,6030,6060,6090,6120,6150,6180,6210,6240,6270,6300,6330,6360,6390,6420,6450,6480,6510,6540,6570,6600,6630,6660,6690,6720,6750,6780,6810,6840,6870,6900,6930,6960,6990,7020,7050,7080,7110,7140,7170,7200,7230,7260,7290,7320,7350,7380,7410,7440,7470,7500,7530,7560,7590,7620,7650,7680,7710,7740,7770,7800,7830,7860,7890,7920,7950,7980,8010,8040,8070,8100,8130,8160,8190,8220,8250,8280,8310,8340,8370,8400,8430,8460,8490,8520,8550,8580,8610,8640,8670,8700,8730,8760,8790,8820,8850,8880,8910,8940,8970,9000,9030,9060,9090,9120,9150,9180,9210,9240,9270,9300,9330,9360,9390,9420,9450,9480,9510,9540,9570,9600,9630,9660,9690,9720,9750,9780,9810,9840,9870,9900,9930,9960,9990,10020,10050,10080,10110,10140,10170
0,1,1,1,1,1,1,1,1,1,1,1,1,1,1,1,1,1,1,1,1,1,1,1,1,1,1,1,1,1,1,1,1,1,1,1,1,1,1,1,1,1,1,1,1,1,1,1,1,1,1,1,1,1,1,1,1,1,1,1,1,1,1,1,1,1,1,1,1,1,1,1,1,1,1,1,1,1,1,1,1,1,1,0.998740554,0.998987342,1,1,0.999746835,0.99909496,0.998468393,0.999373434,0.99827276,0.997619047,0.999055416,0.995486111,0.998287385,0.99192889,0.992928751,0.995295359,0.992480259,0.992014759,0.987417556,0.991434769,0.989740947,0.987167308,0.984806306,0.97455886,0.973230239,0.97416955,0.963134131,0.967763421,0.959538511,0.951348011,0.954876566,0.944943605,0.941709449,0.930993057,0.927015089,0.923053858,0.913812129,0.898014871,0.906947362,0.88127724,0.897809007,0.880615832,0.865259018,0.865822077,0.840949508,0.826858463,0.842998796,0.823440255,0.811926682,0.80699774,0.793868923,0.776507136,0.762908671,0.741428773,0.737857052,0.704287129,0.717267026,0.694839589,0.703796601,0.671072525,0.663795297,0.630424865,0.625510972,0.612847347,0.600872816,0.584795691,0.543002721,0.511889731,0.509805232,0.485890469,0.472843341,0.441233858,0.424817318,0.37366354,0.399954791,0.36127663,0.323963097,0.299221127,0.301620029,0.278253141,0.260414096,0.218999049,0.221508543,0.184899321,0.181373037,0.155623405,0.124125743,0.115969213,0.107855315,0.074977499,0.078396111,0.067252555,0.053614945,0.048621877,0.027451887,0.021084449,0.013855051,0.012758194,0.011387434,0.00902418,0.004557292,0.002858399,0.002251082,0.001055409,0.000861326,0.001087903,0.00212585,0.001426025,0,0,0,0,0,0,0,0,0,0,0,0,0,0,0,0,0,0,0,0,0,0,0,0,0,0,0,0,0,0,0,0,0,0,0,0,0,0,0,0,0,0,0,0,0,0,0,0,0,0,0,0,0,0,0,0,0,0,0,0,0,0,0,0,0,0,0,0,0,0,0,0,0,0,0,0,0,0,0,0,0,0,0,0,0,0,0,0,0,0,0,0,0,0,0,0,0,0,0,0,0,0,0,0,0,0,0,0,0,0,0,0,0,0,0,0,0,0,0,0,0,0,0,0,0,0,0,0,0,0,0,0,0,0,0,0,0,0,0,0,0,0,0,0,0,0,0,0,0,0
100,1,1,1,1,1,1,1,1,1,1,1,1,1,1,1,1,1,1,1,1,1,1,1,1,1,1,1,1,1,1,1,1,1,1,1,1,1,1,1,1,1,1,1,1,1,1,1,1,1,1,1,1,1,1,1,1,1,1,1,1,1,1,1,1,1,1,1,1,1,1,1,1,1,1,1,1,1,1,1,1,1,0.99963925,1,0.999371859,0.999283924,1,1,1,0.999112862,0.999164578,0.998746867,0.999022892,0.99855293,0.998397667,0.996538247,0.99702381,0.995917085,0.99193587,0.992293233,0.993579186,0.994184867,0.991434769,0.989047023,0.989609572,0.985867605,0.983195394,0.991253768,0.986437324,0.984305708,0.98853394,0.984485926,0.980506823,0.978754886,0.978214586,0.972222039,0.973629059,0.979688937,0.971162689,0.965257656,0.95951389,0.949552452,0.95344216,0.936918392,0.933325398,0.939639141,0.926850187,0.93183477,0.928106964,0.92979789,0.914157418,0.915152963,0.912713369,0.904262204,0.89457224,0.87995599,0.868690158,0.863591339,0.851941535,0.838795546,0.818988646,0.827425045,0.825523734,0.799646955,0.788003727,0.778731153,0.775182763,0.775146412,0.748381789,0.731153945,0.70816949,0.715760783,0.703156567,0.663499151,0.665346594,0.624916778,0.632561675,0.595773487,0.576013582,0.570217901,0.537401045,0.493223309,0.497997973,0.461383047,0.447518789,0.445112343,0.411942314,0.39359208,0.34637087,0.337574164,0.290387709,0.295992577,0.243009449,0.245939151,0.227670665,0.193764675,0.171573524,0.159576513,0.135562375,0.130322006,0.092540922,0.107188411,0.088850949,0.0837481,0.058688822,0.063712406,0.049666421,0.040662086,0.044122024,0.031455571,0.026059586,0.016531621,0.018307426,0.014020809,0.011578947,0.007712766,0.0025,0.004478897,0.005442177,0.001813472,0.001025641,0.00052356,0,0,0.000438597,0,0,0.000656168,0,0,0,0,0,0,0,0,0,0,0,0,0,0,0,0,0,0,0,0,0,0,0,0,0,0,0,0,0,0,0,0,0,0,0,0,0,0,0,0,0,0,0,0,0,0,0,0,0,0,0,0,0,0,0,0,0,0,0,0,0,0,0,0,0,0,0,0,0,0,0,0,0,0,0,0,0,0,0,0,0,0,0,0,0,0,0,0,0,0,0,0,0,0,0,0,0,0,0,0,0,0,0,0,0,0,0,0,0,0,0,0,0,0,0,0,0,0,0,0,0,0,0,0,0,0,0,0,0,0,0,0,0
200,1,1,1,1,1,1,1,1,1,1,1,1,1,1,1,1,1,1,1,1,1,1,1,1,1,1,1,1,1,1,1,1,1,1,1,1,1,1,1,1,1,1,1,1,1,1,1,1,1,1,1,1,1,1,1,1,1,1,1,1,1,1,1,1,1,1,1,1,1,1,1,1,1,1,1,0.999497487,0.999497487,0.99875,0.998743719,1,0.999686717,1,0.99875,0.999581239,1,0.998746867,1,1,0.99781696,1,0.999164578,0.997830018,0.998538012,0.998743719,0.998,0.996312209,0.99448052,0.996587903,0.99684127,0.997866185,0.996728195,0.993768742,0.996380227,0.989357683,0.991451304,0.994165971,0.989681545,0.989543601,0.994463388,0.99059852,0.994713787,0.989278627,0.988614393,0.986008673,0.984217538,0.980730479,0.983807125,0.983262364,0.980959802,0.980504706,0.979352994,0.979248425,0.981204003,0.973576215,0.978523207,0.97239229,0.96052633,0.964106151,0.955707652,0.952063494,0.966224861,0.940736388,0.956097495,0.951979142,0.951901656,0.937837008,0.936180286,0.924783003,0.924236336,0.915748698,0.904172771,0.907511696,0.899948284,0.890307659,0.899115027,0.881711048,0.865610794,0.870839196,0.852515051,0.830014431,0.82300478,0.824117493,0.804031386,0.788570075,0.766952458,0.759182379,0.763719109,0.738341509,0.717798728,0.727870504,0.692597494,0.680605862,0.660210508,0.631484056,0.609097906,0.583547319,0.566040692,0.558415123,0.527498873,0.504605185,0.480443344,0.441270876,0.432546601,0.413817955,0.395594858,0.351587301,0.358751417,0.326331614,0.306138584,0.27592047,0.262028195,0.221896885,0.217893588,0.214214306,0.193210452,0.16360383,0.154239658,0.150437444,0.100207713,0.098708758,0.080789901,0.078070501,0.069344456,0.05821211,0.045871785,0.045004909,0.044109623,0.029465059,0.033625513,0.029694053,0.028815789,0.025822222,0.019681509,0.013135646,0.012719298,0.012456597,0.00538978,0.009711286,0.010326834,0.003157216,0.003831418,0.001305483,0.002153316,0.001968504,0,0.000657895,0.000438597,0,0,0,0,0,0,0,0,0,0,0,0,0,0,0,0,0,0,0,0,0,0,0,0,0,0,0,0,0,0,0,0,0,0,0,0,0,0,0,0,0,0,0,0,0,0,0,0,0,0,0,0,0,0,0,0,0,0,0,0,0,0,0,0,0,0,0,0,0,0,0,0,0,0,0,0,0,0,0,0,0,0,0,0,0,0,0,0,0,0,0,0,0,0,0,0,0,0,0,0,0,0,0,0,0,0,0,0,0,0,0,0,0,0,0,0,0,0,0,0,0,0,0
300,1,1,1,1,1,1,1,1,1,1,1,1,1,1,1,1,1,1,1,1,1,1,1,1,1,1,1,1,1,1,1,1,1,1,1,1,1,1,1,1,1,1,1,1,1,1,1,1,1,1,1,1,1,1,1,1,1,1,1,1,1,1,1,1,1,1,1,0.999576988,1,1,1,1,0.999748111,1,1,1,0.99968593,0.999684343,1,0.999373434,0.999582289,0.999581239,1,1,1,0.998333333,0.997843384,0.99968593,0.999156118,0.997672753,0.998320739,0.999580185,0.999002951,0.996709739,0.998057644,0.993133628,0.996333333,0.995882564,0.997787398,0.995316862,0.996666667,0.997607053,0.998384781,0.997997836,0.997553408,0.999270833,0.997671156,0.996848387,0.996691792,0.997048176,0.990779875,0.996788413,0.995938023,0.997570826,0.993561284,0.994514238,0.991121816,0.987608775,0.996226151,0.986573907,0.98987494,0.991054936,0.989040874,0.980846428,0.981911959,0.984179696,0.981102935,0.980458842,0.983556672,0.980212435,0.977624459,0.983884389,0.972792659,0.972900506,0.971211576,0.975941893,0.971687276,0.973567328,0.966245791,0.968808121,0.958641976,0.948565158,0.936017534,0.941106913,0.941925251,0.938218255,0.924239671,0.921027779,0.914853851,0.924552197,0.905411256,0.886194445,0.900889762,0.890479946,0.877568343,0.852212603,0.853382036,0.842765193,0.825488191,0.843143884,0.809927741,0.787184254,0.795324275,0.767016632,0.756122307,0.748697886,0.741009719,0.700765594,0.695175333,0.69109139,0.655310456,0.638914006,0.635933673,0.608760608,0.575915278,0.558339423,0.540120502,0.534593179,0.49306202,0.479147987,0.453297478,0.421037851,0.394456623,0.396979268,0.376908397,0.34223548,0.328834962,0.301533981,0.264857184,0.259221129,0.227149641,0.235698983,0.210432067,0.18419382,0.184342764,0.140152545,0.144170032,0.111225818,0.098048685,0.102665565,0.069429824,0.05569481,0.056544534,0.054124895,0.043591166,0.053605981,0.039560915,0.02505488,0.022196115,0.019446505,0.018117854,0.013426608,0.010512821,0.009979082,0.007599309,0.007237972,0.008572672,0.004258361,0.003445306,0.007619048,0.003896104,0.00625,0.003245614,0.00528757,0,0.001736111,0.001305483,0.000868055,0,0.000434028,0.000668449,0,0,0,0,0,0,0,0,0,0,0,0,0,0,0,0,0,0,0,0,0,0,0,0,0,0,0,0,0,0,0,0,0,0,0,0,0,0,0,0,0,0,0,0,0,0,0,0,0,0,0,0,0,0,0,0,0,0,0,0,0,0,0,0,0,0,0,0,0,0,0,0,0,0,0,0,0,0,0,0,0,0,0,0,0,0,0,0,0,0,0,0,0,0,0,0,0,0,0,0,0,0,0,0,0,0,0,0,0
400,1,1,1,1,1,1,1,1,1,1,1,1,1,1,1,1,1,1,1,1,1,1,1,1,1,1,1,1,1,1,1,1,1,1,1,1,1,1,1,1,1,1,1,1,1,1,1,1,1,1,1,1,1,1,1,1,1,1,1,1,1,1,1,1,1,1,1,1,1,1,1,1,1,1,1,1,1,1,1,1,1,1,1,1,0.998376623,0.999371859,0.998955723,0.999641962,0.997166667,0.99875,0.996212121,0.998217277,0.999749373,0.999494949,0.998866499,0.998663325,0.999370277,0.997966021,0.997250423,0.998950462,0.999218314,0.999164578,0.998120301,0.996944445,0.998329156,0.996178572,0.998241545,0.999685139,0.999074074,0.998391813,0.999375,0.998639028,0.998799553,0.995384031,0.996741855,0.995400844,0.998241206,0.995351759,0.997191236,0.995440983,0.994307849,0.994256474,0.995538691,0.995553572,0.995903449,0.993509568,0.991828188,0.992843149,0.990199917,0.989339555,0.990598214,0.991663691,0.986819445,0.988712412,0.991729798,0.984834109,0.984923543,0.983951298,0.979672395,0.98535227,0.97871582,0.980882673,0.969898389,0.974574114,0.970251025,0.965214964,0.967290729,0.955931593,0.951599991,0.954336009,0.950415818,0.943002715,0.931182348,0.928171431,0.931581405,0.925647085,0.913959035,0.908450122,0.907271449,0.899710765,0.889475063,0.893172205,0.900934938,0.862762788,0.875687874,0.858565818,0.837647254,0.82296738,0.825903155,0.808402653,0.793004757,0.790945168,0.773284041,0.751696433,0.731317744,0.727884,0.697159092,0.684402591,0.678431446,0.642010164,0.625024113,0.605257938,0.58186175,0.562084039,0.545129224,0.518211187,0.514063221,0.490296363,0.452363786,0.439890694,0.415425832,0.366358794,0.372414591,0.328169529,0.326336353,0.299376719,0.257533546,0.25788518,0.242115653,0.228352129,0.213361431,0.183669346,0.161917163,0.162505611,0.139502537,0.119076255,0.105757068,0.094758297,0.095112119,0.078121828,0.076181175,0.076723678,0.051039453,0.059254498,0.042962276,0.03991376,0.044635508,0.033318713,0.029197669,0.035352234,0.018577694,0.019718615,0.021134021,0.016090398,0.008226221,0.008902424,0.007883462,0.005411256,0.008613264,0.004761905,0.002645503,0.003962102,0.003340622,0.001745201,0.000645995,0.000757576,0.001385281,0.000526316,0,0,0.001722653,0,0,0,0,0,0,0,0,0,0,0,0,0,0,0,0,0,0,0,0,0,0,0,0,0,0,0,0,0,0,0,0,0,0,0,0,0,0,0,0,0,0,0,0,0,0,0,0,0,0,0,0,0,0,0,0,0,0,0,0,0,0,0,0,0,0,0,0,0,0,0,0,0,0,0,0,0,0,0,0,0,0,0,0,0,0,0,0,0,0,0,0,0,0,0,0,0,0,0
500,1,1,1,1,1,1,1,1,1,1,1,1,1,1,1,1,1,1,1,1,1,1,1,1,1,1,1,1,1,1,1,1,1,1,1,1,1,1,1,1,1,1,1,1,1,1,1,1,1,1,1,1,1,1,1,1,1,1,1,1,1,1,1,1,1,1,1,1,1,1,1,1,1,1,1,1,1,1,1,0.998743719,1,1,1,0.999368687,1,1,1,0.999498747,1,0.998425693,0.9991875,0.998719789,0.998767753,0.999055416,0.9985,0.998125,0.998737374,0.99916037,0.999496222,0.999164578,0.99968593,0.998450586,0.998324958,0.999162479,0.999373434,1,0.99559194,0.999283924,0.99726431,1,0.998143495,0.999162479,0.997883598,0.99668581,1,0.999576988,0.997666906,0.999498747,0.999164578,0.997706229,0.998994975,0.998448502,0.998911223,0.997921914,0.99760101,0.996071728,0.998816486,0.995622024,0.994378804,0.996077381,0.992376775,0.996798476,0.993548839,0.995313871,0.992056513,0.991447763,0.991347417,0.991229758,0.986693297,0.989080772,0.98541857,0.989039822,0.987591728,0.990626368,0.986054994,0.973346893,0.974889605,0.973576799,0.973790293,0.974675143,0.978408322,0.965706509,0.964926817,0.970786473,0.964670397,0.947904923,0.954987716,0.949557541,0.950814695,0.954207546,0.955524878,0.931059334,0.933900227,0.93620206,0.92663522,0.912933464,0.914992864,0.909418591,0.901617289,0.889801125,0.886595784,0.851983221,0.857079704,0.840223938,0.840547159,0.847038675,0.829925834,0.820820839,0.787013715,0.784779698,0.776992712,0.753239393,0.750890003,0.730584398,0.689285505,0.683478631,0.695265359,0.650688905,0.650025503,0.608185005,0.594232537,0.581274745,0.540275306,0.51134537,0.484371892,0.479471371,0.457244581,0.433626663,0.39664028,0.370529848,0.358967863,0.358626108,0.31556071,0.298037077,0.284400365,0.263267059,0.259888848,0.245077524,0.215726604,0.226697692,0.199796366,0.179189166,0.172994115,0.150884635,0.136018756,0.113598085,0.110828554,0.112275412,0.098461118,0.086543629,0.082009878,0.070043628,0.056090172,0.044828681,0.04639757,0.041107829,0.037484579,0.022505669,0.018114874,0.018856403,0.014663257,0.008887629,0.013530928,0.012532982,0.006140351,0.005684754,0.007290755,0.006076389,0.001531059,0.007319902,0.00351803,0.002604167,0.002659574,0.002583979,0.002813853,0.00132626,0.001036269,0.000656168,0,0,0,0,0,0,0,0,0,0,0,0,0,0,0,0,0,0,0,0,0,0,0,0,0,0,0,0,0,0,0,0,0,0,0,0,0,0,0,0,0,0,0,0,0,0,0,0,0,0,0,0,0,0,0,0,0,0,0,0,0,0,0,0,0,0,0,0,0,0,0,0,0,0,0,0,0,0,0,0,0,0,0,0,0,0,0,0,0,0,0,0
600,1,1,1,1,1,1,1,1,1,1,1,1,1,1,1,1,1,1,1,1,1,1,1,1,1,1,1,1,1,1,1,1,1,1,1,1,1,1,1,1,1,1,1,1,1,1,1,1,1,1,1,1,1,1,1,1,1,1,1,1,1,1,1,1,1,1,1,1,1,1,1,1,1,1,1,1,1,1,1,1,0.998115578,1,1,1,1,1,1,0.9995,1,0.999498747,1,1,1,1,1,0.999224251,0.998604132,0.999164578,1,0.998656591,1,1,1,1,1,1,0.999164578,0.999641962,1,1,0.999371859,1,0.999498747,0.998743719,0.999498747,0.998746867,0.998110831,0.998120301,0.999373434,0.997598162,0.99887218,0.999497487,0.998989899,0.999641962,0.999373434,0.999050633,0.999373434,0.998548952,0.998,0.999748111,0.999544315,0.99770259,0.994987469,0.997530352,0.996047619,0.993361463,0.99551029,0.997579966,0.995683654,0.996738871,0.995632927,0.996229152,0.994448433,0.998587739,0.995605084,0.995080768,0.98955392,0.988678045,0.986973982,0.992983088,0.983719191,0.987184047,0.987232143,0.981187871,0.986484939,0.985418814,0.978145598,0.976705159,0.975383773,0.977769822,0.973127542,0.980683852,0.96416208,0.974400196,0.960656657,0.958261905,0.957502885,0.94565118,0.956579852,0.944700398,0.930018792,0.922936038,0.92745611,0.906989696,0.896329365,0.89518638,0.888477944,0.880542346,0.878081945,0.86582919,0.85494846,0.840633917,0.839485849,0.826938149,0.821772393,0.810244123,0.790905995,0.774305715,0.767799369,0.749983612,0.758024015,0.731097048,0.691586115,0.692392574,0.683837476,0.644862692,0.636224634,0.615283304,0.590257335,0.57020882,0.532753127,0.515197497,0.48856156,0.503317584,0.459334023,0.472569702,0.405681083,0.391135167,0.383809732,0.360371248,0.336466247,0.318612142,0.308202092,0.287631841,0.290181672,0.247826712,0.255185904,0.235340195,0.196778059,0.193827386,0.179637707,0.164673358,0.152704892,0.117100218,0.127438524,0.126326561,0.10358625,0.101127672,0.092481039,0.086237138,0.071268627,0.057999875,0.046683673,0.054844444,0.041873178,0.037994247,0.030203283,0.024119543,0.026463867,0.019797525,0.014880953,0.013995052,0.012817148,0.009946537,0.009674582,0.009399478,0.004542824,0.005360276,0.002878007,0.003218006,0.002901212,0.001564267,0.000520833,0.000868055,0,0,0,0,0.000649351,0,0,0,0,0,0,0,0,0,0,0,0,0,0,0,0,0,0,0,0,0,0,0,0,0,0,0,0,0,0,0,0,0,0,0,0,0,0,0,0,0,0,0,0,0,0,0,0,0,0,0,0,0,0,0,0,0,0,0,0,0,0,0,0,0,0,0,0,0,0,0,0,0,0,0,0,0,0,0,0,0
700,1,1,1,1,1,1,1,1,1,1,1,1,1,1,1,1,1,1,1,1,1,1,1,1,1,1,1,1,1,1,1,1,1,1,1,1,1,1,1,1,1,1,1,1,1,1,1,1,1,1,1,1,1,1,1,1,1,1,1,1,1,1,1,1,1,1,1,1,1,1,1,1,1,1,1,1,1,1,1,1,1,1,1,1,1,1,1,1,1,1,1,1,1,1,1,1,1,1,1,1,1,1,1,1,1,1,1,1,0.99968593,1,1,1,0.999493671,1,1,1,0.999720123,1,0.999371859,1,1,0.999497487,1,1,1,0.999686717,0.999492386,1,0.999363868,0.999076406,0.999270833,1,1,1,1,0.99922619,0.995696893,0.997962077,0.997508375,0.998036759,0.999370277,0.998412698,0.99636483,0.997403685,0.997854167,0.998217693,0.994351191,0.994836272,0.995174604,0.993303071,0.993010462,0.99305755,0.992089678,0.993292756,0.991353896,0.993592262,0.992528941,0.989548935,0.988887892,0.985899307,0.988999381,0.988102002,0.983961549,0.983927575,0.978159647,0.967660734,0.973962456,0.973340548,0.954545546,0.950032812,0.956222623,0.961590316,0.94057372,0.940484167,0.945271081,0.950207432,0.939610299,0.940690556,0.923026952,0.917747191,0.908515257,0.905255751,0.902724667,0.890604043,0.888319308,0.879322932,0.86304439,0.854516031,0.863770552,0.842408472,0.838346016,0.823781253,0.811246989,0.799338837,0.79935065,0.772826343,0.743022724,0.753123107,0.737030796,0.707340261,0.698308271,0.669394944,0.661982927,0.640652445,0.604095481,0.588319265,0.575160049,0.55198311,0.543632012,0.537635311,0.512260293,0.496098374,0.489783549,0.43617244,0.432018464,0.432298936,0.38480422,0.379293206,0.36355752,0.328785493,0.306042477,0.313800009,0.287100176,0.263656395,0.240151515,0.227811048,0.224966249,0.204639249,0.179628943,0.172938369,0.175752528,0.141746032,0.144439223,0.120142774,0.116738259,0.098505704,0.087799664,0.089609359,0.08828804,0.067021012,0.069966692,0.052393289,0.056522818,0.046340275,0.04015544,0.030011219,0.029740259,0.032748862,0.029669381,0.029228671,0.020746528,0.021035025,0.015427493,0.011923411,0.014369037,0.014935897,0.006014608,0.007057606,0.005813953,0.006396867,0.004415584,0.003433001,0,0,0.001036269,0.001745201,0,0,0,0,0.000868055,0,0,0.000440917,0.000859106,0,0,0,0,0,0,0,0,0,0,0,0,0,0,0,0,0,0,0,0,0,0,0,0,0,0,0,0,0,0,0,0,0,0,0,0,0,0,0,0,0,0,0,0,0,0,0,0,0,0,0,0,0,0,0,0,0,0,0,0,0,0,0,0,0
800,1,1,1,1,1,1,1,1,1,1,1,1,1,1,1,1,1,1,1,1,1,1,1,1,1,1,1,1,1,1,1,1,1,1,1,1,1,1,1,1,1,1,1,1,1,1,1,1,1,1,1,1,1,1,1,1,1,1,1,1,1,1,1,1,1,1,1,1,1,1,1,1,1,1,1,1,1,1,1,1,1,1,1,1,1,1,1,1,1,1,1,1,1,1,1,1,1,1,1,1,1,1,1,1,1,1,1,1,1,1,1,1,1,1,1,1,1,1,1,1,0.999283924,0.999641063,0.999581239,1,0.998880493,0.999581239,0.999371859,0.998994975,0.999370277,0.99916037,0.999283924,1,0.999183417,1,0.998743719,0.998693182,0.99963925,0.999641962,0.998508175,0.999368687,0.997994987,0.997813962,0.998409715,0.998241206,0.998656591,0.994836272,0.996426577,0.995214226,0.99327971,0.995112782,0.993326118,0.994173247,0.994547399,0.993844221,0.995193115,0.995770519,0.994420516,0.990649115,0.990384231,0.99175206,0.987111671,0.992000678,0.993216985,0.987157738,0.985618328,0.987438835,0.988139108,0.982522733,0.982912032,0.981401688,0.979131182,0.984534805,0.986630899,0.977673431,0.969295884,0.967813835,0.971574876,0.963123462,0.955378081,0.956054987,0.948308009,0.943780464,0.954230866,0.951237364,0.926576307,0.930325147,0.923352422,0.923033911,0.902204185,0.901088038,0.911468458,0.876109262,0.883703306,0.873730559,0.868307484,0.860174879,0.860337604,0.833912539,0.829815791,0.809417766,0.799402576,0.774629685,0.767856042,0.757176843,0.762367557,0.744156395,0.719985114,0.702294865,0.714529838,0.674015995,0.67381244,0.645487501,0.625230059,0.613454703,0.581106701,0.574843124,0.549748164,0.506619401,0.52024012,0.515447444,0.481789341,0.483738404,0.458975205,0.409770338,0.416316794,0.380208773,0.383395243,0.357922647,0.350391751,0.31993458,0.285009157,0.286105971,0.273876327,0.242914551,0.22647861,0.229719535,0.190023561,0.184617918,0.184608479,0.15804668,0.136629019,0.12851741,0.131431704,0.137845037,0.111038867,0.105657093,0.091401075,0.080848725,0.078746528,0.067560042,0.060847248,0.049210461,0.052566964,0.052394214,0.034957265,0.031921944,0.027668987,0.030242436,0.024145299,0.027841479,0.019340363,0.007198953,0.015270506,0.009973404,0.00978836,0.006834215,0.00491453,0.007369027,0.007898715,0.003018373,0.00492228,0.00438564,0.001305483,0.002136752,0.00132626,0.002158895,0.002999143,0.00147656,0.001162791,0.001499813,0.00183727,0.000642674,0,0,0,0.000859106,0,0.000657895,0,0,0,0,0,0,0,0,0,0,0,0,0,0,0,0,0,0,0,0,0,0,0,0,0,0,0,0,0,0,0,0,0,0,0,0,0,0,0,0,0,0,0,0,0,0,0,0,0,0,0,0
900,1,1,1,1,1,1,1,1,1,1,1,1,1,1,1,1,1,1,1,1,1,1,1,1,1,1,1,1,1,1,1,1,1,1,1,1,1,1,1,1,1,1,1,1,1,1,1,1,1,1,1,1,1,1,1,1,1,1,1,1,1,1,1,1,1,1,1,1,1,1,1,1,1,1,1,1,1,1,1,1,1,1,1,1,1,1,1,1,1,1,1,1,1,1,1,1,1,1,1,1,1,1,1,1,1,1,1,1,1,1,1,1,1,1,1,1,1,1,1,1,1,1,1,1,1,1,1,1,0.999582289,1,0.999162479,1,1,1,0.99963925,1,1,0.999720826,1,0.999440246,1,1,1,0.999498747,0.998740554,1,1,1,0.999081036,1,0.998941799,0.995843829,0.998915009,0.99732665,0.998324958,0.997502393,0.998375,0.998307953,0.997887576,0.995787087,0.99777359,0.995276883,0.996880234,0.995387653,0.992791338,0.992242961,0.988379397,0.992464316,0.990643026,0.988739707,0.988484067,0.986357382,0.989581838,0.992371357,0.986089799,0.975864264,0.979240044,0.98327913,0.97804566,0.980912599,0.967108135,0.969612946,0.971269642,0.960350363,0.957106418,0.958335328,0.951339538,0.941509043,0.942242511,0.94369267,0.928269711,0.933604574,0.924604175,0.924085181,0.904882758,0.918523851,0.90943038,0.913487066,0.900617728,0.887756876,0.879450736,0.856007219,0.868439824,0.844716271,0.850679987,0.822434016,0.81944345,0.81071909,0.790586406,0.816727488,0.786691227,0.777673936,0.756971275,0.744860407,0.727677303,0.731677426,0.726595359,0.669465503,0.667674548,0.639067159,0.623441118,0.623173793,0.596719849,0.592020884,0.585558209,0.553177633,0.543069096,0.519244019,0.497098788,0.492382789,0.470100069,0.450894717,0.419074743,0.410873016,0.410704778,0.384400468,0.34920802,0.3476628,0.336188294,0.316431258,0.286877589,0.27206165,0.269986689,0.259682129,0.227463581,0.216046436,0.199651367,0.189598239,0.185746321,0.154382556,0.163671329,0.140304951,0.142776538,0.117953874,0.105195088,0.105946148,0.086841888,0.096071118,0.070323565,0.070885115,0.062340252,0.050190102,0.058550347,0.046626984,0.033719852,0.04247471,0.034259259,0.026161804,0.025813234,0.020714901,0.022005208,0.018346253,0.013277904,0.017700258,0.012685914,0.009090909,0.007889218,0.007397737,0.011491488,0.00596817,0.007067669,0.009101082,0.006854257,0.004557292,0.002538071,0.002393038,0.001937984,0.001329787,0.003006873,0.002463582,0.001295337,0.000649351,0.002604167,0.000645995,0,0,0.0008726,0,0,0.000854701,0,0,0,0,0,0,0,0,0,0,0,0,0,0,0,0,0,0,0,0,0,0,0,0,0,0,0,0,0,0,0,0,0,0,0,0,0,0,0,0
1000,1,1,1,1,1,1,1,1,1,1,1,1,1,1,1,1,1,1,1,1,1,1,1,1,1,1,1,1,1,1,1,1,1,1,1,1,1,1,1,1,1,1,1,1,1,1,1,1,1,1,1,1,1,1,1,1,1,1,1,1,1,1,1,1,1,1,1,1,1,1,1,1,1,1,1,1,1,1,1,1,1,1,1,1,1,1,1,1,1,1,1,1,1,1,1,1,1,1,1,1,1,1,1,1,1,1,1,1,1,1,1,1,1,1,1,0.999367089,0.999683544,1,1,1,1,1,1,1,0.999579124,0.999581239,1,0.999373434,1,1,0.998866499,1,0.998384781,0.999373434,0.999641962,0.999496222,1,1,0.998659967,0.999582289,1,1,1,1,0.99977101,1,0.998923187,0.999498747,0.998923187,0.999282125,1,0.99887218,0.997715736,0.998133525,0.998324958,0.99895237,0.996061582,0.999496222,0.99859062,0.997613065,0.997436128,0.997514881,0.996231156,0.993195142,0.995392858,0.997932489,0.995938023,0.996177945,0.992302784,0.991599527,0.991808513,0.994630893,0.99331778,0.994525003,0.991165152,0.988028268,0.988218184,0.99063134,0.989154434,0.9796875,0.985755062,0.985720283,0.983237104,0.977935039,0.98455287,0.98015873,0.976848215,0.976482612,0.97178511,0.975958827,0.9627503,0.955427934,0.952305177,0.964471166,0.958714126,0.956140824,0.950243056,0.937507497,0.938987094,0.933771038,0.927922079,0.926766675,0.933012667,0.921185884,0.918145925,0.905382814,0.902372996,0.890742634,0.888716602,0.878390934,0.878342018,0.859660439,0.826757045,0.829284912,0.832328711,0.823230402,0.807744049,0.802555102,0.787415265,0.769771854,0.760579992,0.736532384,0.742598775,0.723177843,0.72482821,0.695198726,0.669845996,0.645451282,0.629604412,0.636900724,0.609664294,0.566292451,0.57901623,0.562621058,0.552769617,0.536783311,0.522641376,0.509492888,0.472842583,0.457838315,0.452272358,0.437092039,0.415326908,0.408090214,0.39539102,0.350530117,0.335517897,0.316397718,0.308896703,0.286133611,0.282344859,0.257681658,0.254265571,0.245404638,0.237187769,0.225808157,0.214724581,0.185788497,0.174963546,0.169494818,0.148194291,0.144932766,0.13248419,0.123019964,0.104658072,0.100101252,0.102520208,0.096031746,0.085225006,0.075348235,0.055148342,0.062466074,0.057228117,0.053771379,0.041003578,0.037391259,0.02805383,0.023722944,0.030401469,0.019645941,0.025812252,0.022681052,0.013268849,0.010510114,0.013178295,0.009862188,0.009157986,0.010026042,0.005789474,0.004978355,0.002677029,0.003947368,0.003565062,0.00193299,0.0041019,0.003463387,0.002993109,0.002072539,0,0.00308642,0.001480385,0.002198769,0.001312336,0,0.000380952,0,0,0,0,0,0.00065445,0,0.000378931,0,0,0,0,0.000649351,0.002638522,0.000522193,0,0.0008726,0,0,0,0,0,0,0,0,0,0,0,0,0,0,0,0,0,0
1100,1,1,1,1,1,1,1,1,1,1,1,1,1,1,1,1,1,1,1,1,1,1,1,1,1,1,1,1,1,1,1,1,1,1,1,1,1,1,1,1,1,1,1,1,1,1,1,1,1,1,1,1,1,1,1,1,1,1,1,1,1,1,1,1,1,1,1,1,1,1,1,1,1,1,1,1,1,1,1,1,1,1,1,1,1,1,1,1,1,1,1,1,1,1,1,1,1,1,1,1,1,1,1,1,1,1,1,1,1,1,1,1,1,1,1,1,1,1,1,1,1,1,1,1,1,1,1,1,1,1,1,1,1,1,1,1,1,1,1,1,1,1,1,1,1,1,0.999496222,1,0.999640158,0.999166667,1,1,1,0.997916667,0.998663955,0.999164578,0.999373434,0.999580185,0.999583333,0.998955723,0.999640158,0.999641063,0.995044158,0.997375768,0.999282125,0.997474747,0.998737374,0.996491228,0.998241206,0.996267049,0.994945697,0.995872218,0.993650794,0.995694444,0.995031484,0.99428392,0.99242153,0.991904961,0.996021776,0.991344998,0.993010075,0.989865997,0.987254726,0.987413972,0.984238216,0.991932212,0.993835712,0.988251292,0.989904672,0.980536612,0.983495262,0.977845408,0.980617373,0.968331324,0.976908352,0.974294865,0.974127583,0.973611111,0.970629948,0.966292773,0.967220029,0.96198915,0.953624141,0.953595663,0.948561881,0.955861877,0.935535124,0.936378902,0.934392878,0.934106892,0.928463112,0.912565262,0.907171609,0.903031585,0.903227757,0.900668023,0.874419872,0.865917792,0.859873298,0.850397825,0.842085392,0.829146626,0.826265633,0.8090664,0.811207583,0.792885273,0.78437814,0.757308785,0.768736264,0.764903672,0.737111232,0.706444406,0.705989183,0.688297736,0.670251032,0.659645988,0.644062643,0.632641695,0.613661269,0.616856016,0.583496544,0.572884273,0.547733575,0.528112852,0.528543084,0.534675177,0.491401099,0.468246937,0.479017722,0.442590893,0.402023523,0.39783449,0.362403676,0.371791813,0.32506892,0.332180408,0.306621315,0.294120978,0.282781796,0.260603829,0.256488299,0.231179139,0.225361689,0.219414708,0.186571675,0.186025421,0.191361175,0.166526551,0.15652614,0.137773949,0.149314864,0.142524056,0.12994912,0.116727873,0.1055933,0.100363075,0.102590852,0.091260467,0.093172704,0.076355216,0.067708334,0.06346225,0.057924042,0.05599479,0.042401991,0.031323371,0.03994981,0.033227651,0.030081826,0.025839599,0.016306391,0.01572047,0.016967354,0.015137987,0.003995263,0.008552632,0.006163195,0.007158399,0.004084347,0.004604017,0.007054674,0.005964782,0.00401979,0.00390625,0.002486634,0.005408971,0.002349869,0.00156658,0.003655352,0.001759015,0.001759015,0.002192982,0.000865801,0.001315789,0.0008726,0.000647668,0,0,0,0.00085034,0,0.001298701,0,0.000516796,0,0,0,0,0,0,0,0,0,0,0,0,0,0,0,0
1200,1,1,1,1,1,1,1,1,1,1,1,1,1,1,1,1,1,1,1,1,1,1,1,1,1,1,1,1,1,1,1,1,1,1,1,1,1,1,1,1,1,1,1,1,1,1,1,1,1,1,1,1,1,1,1,1,1,1,1,1,1,1,1,1,1,1,1,1,1,1,1,1,1,1,1,1,1,1,1,1,1,1,1,1,1,1,1,1,1,1,1,1,1,1,1,1,1,1,1,1,1,1,1,1,1,1,1,1,1,1,1,1,1,1,1,1,1,1,1,1,1,1,1,1,1,1,1,1,1,1,1,1,1,1,0.999641063,1,1,0.999641962,0.999641962,0.998740554,0.99916037,0.998992443,0.998877666,1,0.998740554,0.998368383,1,0.999443052,1,0.999057789,0.999583333,0.998730964,0.999,0.999580185,1,1,1,1,1,1,1,1,1,1,1,0.999368687,1,0.998740554,0.996773288,0.998329156,0.997995781,0.99733788,0.999720826,0.997836404,0.998115578,0.99425,0.996735887,0.99761308,0.995741072,0.99502219,0.993401532,0.996313754,0.999056082,0.996308926,0.991976966,0.992202729,0.990000599,0.990659648,0.988617008,0.992671692,0.991729481,0.996885522,0.987534722,0.991383077,0.987005212,0.988107233,0.985000218,0.98812515,0.981356112,0.976959075,0.981000239,0.978808649,0.96753373,0.974002467,0.966326816,0.963183018,0.959905754,0.952114398,0.949669978,0.961305026,0.958859428,0.945008106,0.934975161,0.937929039,0.925211658,0.919952222,0.91367705,0.925053841,0.929207355,0.924253928,0.895416668,0.889044639,0.889589052,0.895868972,0.871625987,0.87363495,0.858672567,0.849029646,0.839243521,0.832489865,0.821364921,0.811842673,0.823845967,0.79278061,0.784737088,0.78305334,0.755848318,0.741929239,0.726788213,0.710248664,0.6975479,0.649663676,0.651823106,0.657896324,0.649007937,0.618574443,0.607257298,0.610847243,0.593513155,0.566418939,0.555498658,0.527416194,0.510686565,0.512727845,0.508860721,0.469050625,0.470092323,0.436598079,0.423399471,0.409923603,0.387812847,0.379722425,0.356977044,0.346346962,0.322705758,0.306849144,0.278423772,0.262231017,0.24616028,0.247541119,0.231025753,0.233290155,0.222223245,0.209109324,0.188896328,0.173500654,0.159108382,0.143382174,0.141918534,0.136814622,0.118205127,0.109945245,0.123712589,0.107402634,0.100733241,0.090628816,0.086180254,0.072253065,0.060547742,0.056391909,0.049504991,0.049438687,0.043731821,0.043557788,0.035905998,0.029293671,0.030076487,0.0203125,0.016493955,0.009866148,0.009687269,0.011568123,0.007350427,0.01193634,0.00848564,0.00492228,0.007946815,0.005267703,0.003968254,0.005798969,0.00390625,0.002712161,0.002604167,0.00382675,0.003703704,0.004112554,0.002187227,0.001749781,0.003875969,0.00129199,0.001736111,0.001305483,0.003926702,0,0.000438597,0.001631854,0,0.00257732,0,0.000868055,0.000529101,0,0,0.000874891,0.00064433,0,0,0,0,0
1300,1,1,1,1,1,1,1,1,1,1,1,1,1,1,1,1,1,1,1,1,1,1,1,1,1,1,1,1,1,1,1,1,1,1,1,1,1,1,1,1,1,1,1,1,1,1,1,1,1,1,1,1,1,1,1,1,1,1,1,1,1,1,1,1,1,1,1,1,1,1,1,1,1,1,1,1,1,1,1,1,1,1,1,1,1,1,1,1,1,1,1,1,1,1,1,1,1,1,1,1,1,1,1,1,1,1,1,1,1,1,1,1,1,1,1,1,1,1,1,1,1,1,1,1,1,1,1,1,1,1,0.999162479,0.999441653,1,1,0.999582289,0.998492462,0.999579124,0.998743719,1,0.999641063,0.999166667,0.998997494,0.999685139,1,1,0.999578059,1,0.998737374,0.999164578,1,1,1,1,1,1,1,1,0.999491094,0.999373434,1,1,1,0.999791145,1,0.999370277,1,0.999164578,1,0.999368687,0.99968593,0.998010888,0.998746867,0.998370927,0.997550251,0.999368687,0.998743719,0.999370277,0.997677022,0.99882448,0.997073853,0.997833334,0.997145256,0.997607053,0.999444445,0.998663325,0.998869347,0.998925886,0.998207756,0.994312079,0.996583333,0.994973787,0.993495644,0.992626244,0.992031506,0.989132782,0.986770821,0.99090882,0.993088294,0.991968875,0.989333051,0.985040281,0.988208334,0.984154984,0.989064254,0.98554794,0.981618868,0.98321001,0.98513754,0.972664142,0.970208184,0.972904483,0.961406746,0.966550131,0.963488982,0.966208749,0.953383459,0.955124574,0.946623031,0.95445259,0.949916458,0.945678902,0.943723396,0.93626617,0.931383929,0.923750993,0.922338758,0.921026658,0.920995762,0.900935948,0.907668974,0.882651072,0.873964456,0.875950188,0.867775201,0.857715279,0.86354295,0.838400875,0.830039901,0.788589485,0.811015672,0.794622519,0.802113703,0.78004895,0.784126984,0.751505824,0.724290433,0.723041525,0.72070589,0.691740821,0.680882531,0.659959717,0.648207236,0.650776485,0.646464648,0.636501878,0.623226972,0.608744535,0.58625081,0.588994977,0.542305212,0.535352613,0.519446465,0.499707885,0.485704922,0.459724734,0.446837669,0.428385768,0.440132449,0.413820862,0.395735161,0.37477805,0.35860654,0.322584181,0.325978767,0.308080434,0.295824176,0.28448241,0.258977294,0.243055972,0.226815281,0.215730118,0.203966028,0.176601544,0.184447301,0.179225736,0.167314227,0.157600405,0.160042259,0.140851201,0.132607888,0.11527934,0.124092223,0.104748643,0.097647392,0.09185938,0.084010513,0.068622008,0.077962129,0.058904926,0.055639421,0.042024426,0.043503401,0.049441771,0.034358294,0.042844677,0.029867311,0.018502876,0.024092531,0.022142653,0.018401094,0.020654762,0.013888889,0.012991453,0.011418129,0.009561503,0.009795918,0.005109127,0.008289007,0.004724605,0.007161458,0.003141361,0,0,0,0.000874891,0,0.000868055,0.000647668,0.000320513,0.002604167,0,0,0,0.001033592,0,0,0,0,0,0
1400,1,1,1,1,1,1,1,1,1,1,1,1,1,1,1,1,1,1,1,1,1,1,1,1,1,1,1,1,1,1,1,1,1,1,1,1,1,1,1,1,1,1,1,1,1,1,1,1,1,1,1,1,1,1,1,1,1,1,1,1,1,1,1,1,1,1,1,1,1,1,1,1,1,1,1,1,1,1,1,1,1,1,1,1,1,1,1,1,1,1,1,1,1,1,1,1,1,1,1,1,1,1,1,1,1,1,1,1,1,1,1,1,1,1,1,1,1,1,1,1,1,1,1,1,1,1,1,1,1,1,1,1,1,1,1,1,1,1,1,1,1,1,1,1,1,0.999720826,1,1,0.999496222,1,1,1,1,1,1,1,0.999375,1,1,1,1,1,1,1,1,1,1,0.999580185,1,1,1,0.999164578,1,0.998488665,0.999790092,0.997732997,1,1,1,0.998530647,0.99831774,0.999640158,0.998673925,0.998397667,1,1,0.998421717,0.998346712,0.998909722,1,0.998333334,0.997942905,0.996509946,0.994738315,0.993327565,0.995077381,0.995992665,0.995709512,0.994172932,0.99237856,0.98989239,0.988534151,0.993050086,0.992429474,0.989387159,0.982738595,0.991470766,0.98377193,0.985061861,0.986237736,0.984501839,0.984392857,0.976823011,0.977552264,0.977110753,0.976506743,0.974002886,0.975016147,0.975263873,0.970916288,0.966257847,0.958919598,0.962791139,0.957486438,0.948488665,0.950777445,0.943675721,0.958064684,0.94256727,0.940849087,0.935222262,0.932244556,0.915356879,0.922063293,0.905626524,0.910410858,0.894578723,0.893823589,0.884012092,0.869994726,0.862275574,0.858560379,0.858885909,0.843083183,0.832763403,0.822038981,0.803384239,0.8039107,0.78404782,0.790340251,0.786593114,0.757029908,0.746317265,0.736678862,0.728175926,0.707717114,0.708759092,0.695751458,0.683016074,0.671444556,0.640664962,0.635283364,0.622412454,0.619058607,0.604524358,0.57563455,0.548402652,0.548604062,0.550457323,0.516877167,0.470812528,0.492660766,0.458769934,0.462322096,0.45394975,0.423220455,0.391492775,0.383980199,0.389810277,0.388422152,0.351310848,0.339629494,0.296037432,0.307457226,0.300083489,0.277456526,0.261682377,0.258194646,0.237975172,0.213552405,0.222219163,0.190777091,0.181333705,0.173397383,0.160816245,0.151813472,0.133971527,0.139369363,0.141033835,0.121326984,0.102464495,0.108226856,0.097187177,0.103492064,0.085301139,0.082853451,0.062226344,0.061821705,0.060234136,0.049012027,0.046635166,0.039556136,0.03951381,0.034124896,0.027152134,0.025916231,0.018637324,0.026471919,0.022612815,0.02060055,0.019888316,0.013399058,0.00969833,0.008298506,0.009520668,0.007722513,0.005377347,0.009736842,0.009791123,0.01042205,0.008489596,0.004600273,0.003598972,0.006870567,0.003651203,0.00462963,0.00560686,0.000651042,0.003446115,0.002686203
1500,1,1,1,1,1,1,1,1,1,1,1,1,1,1,1,1,1,1,1,1,1,1,1,1,1,1,1,1,1,1,1,1,1,1,1,1,1,1,1,1,1,1,1,1,1,1,1,1,1,1,1,1,1,1,1,1,1,1,1,1,1,1,1,1,1,1,1,1,1,1,1,1,1,1,1,1,1,1,1,1,1,1,1,1,1,1,1,1,1,1,1,1,1,1,1,1,1,1,1,1,1,1,1,1,1,1,1,1,1,1,1,1,1,1,1,1,1,1,1,1,1,1,1,1,1,1,1,1,1,1,1,1,1,1,1,1,1,1,1,1,1,1,1,1,1,1,1,1,1,1,1,1,1,1,1,1,1,1,1,1,1,1,1,1,1,1,1,1,1,1,1,1,1,0.999,1,0.998534338,0.999164578,0.998797499,0.999494949,1,0.999684343,0.998920475,0.99825,0.998329156,0.9971285,0.998779612,0.997511636,0.999371859,0.996936787,0.99697733,0.999134199,0.995434524,0.996641478,0.999305556,0.997869674,0.997177467,0.997916667,0.994350486,0.995737616,0.993440416,0.997607053,0.99732665,0.996733347,0.995405599,0.997082284,0.9971285,0.991499808,0.993359656,0.98919521,0.99031726,0.990392015,0.991455669,0.993529154,0.993000358,0.988748242,0.992723215,0.986610632,0.986574571,0.980843163,0.976532326,0.972366072,0.973385711,0.978090851,0.978456189,0.975604846,0.969140344,0.973514142,0.968604167,0.969830275,0.957288062,0.959892577,0.950117064,0.946266828,0.944331494,0.948389766,0.94267913,0.933020228,0.936925801,0.921725441,0.917331608,0.91318254,0.898690477,0.891195063,0.882654056,0.885031614,0.861926808,0.884801387,0.872059295,0.865551921,0.857441726,0.83529647,0.839975673,0.831668782,0.831360777,0.812972363,0.793830622,0.793112873,0.784092731,0.769606783,0.774921458,0.741108912,0.757490337,0.719238498,0.7174324,0.691594608,0.699468214,0.670896806,0.662265793,0.660208868,0.638140909,0.612366305,0.622031394,0.61448779,0.581129644,0.570509487,0.510777417,0.506975929,0.507018975,0.506103174,0.47918902,0.461879034,0.448830728,0.442274722,0.408680934,0.414209791,0.40477709,0.379462054,0.363679819,0.357416318,0.316656199,0.315775085,0.294946073,0.274127394,0.275224641,0.246079816,0.240053302,0.221257778,0.208212831,0.204171233,0.184653343,0.178565245,0.183614589,0.167218501,0.161878374,0.15083364,0.141569003,0.138595673,0.129554093,0.124636157,0.109008049,0.097000857,0.095891932,0.082352352,0.083537947,0.062353122,0.073696742,0.056985996,0.055516989,0.056025562,0.051832307,0.043555636,0.042659245,0.030006266,0.038764434,0.035079982,0.028469545,0.026017647,0.023295808,0.02283352,0.022802437,0.016148934,0.015897436,0.014556417,0.017463467,0.01401979,0.013492064,0.010236855,0.013421053,0.017963659,0.012566138
1600,1,1,1,1,1,1,1,1,1,1,1,1,1,1,1,1,1,1,1,1,1,1,1,1,1,1,1,1,1,1,1,1,1,1,1,1,1,1,1,1,1,1,1,1,1,1,1,1,1,1,1,1,1,1,1,1,1,1,1,1,1,1,1,1,1,1,1,1,1,1,1,1,1,1,1,1,1,1,1,1,1,1,1,1,1,1,1,1,1,1,1,1,1,1,1,1,1,1,1,1,1,1,1,1,1,1,1,1,1,1,1,1,1,1,1,1,1,1,1,1,1,1,1,1,1,1,1,1,1,1,1,1,1,1,1,1,1,1,1,1,1,1,1,1,1,1,1,1,1,1,1,1,1,1,1,1,1,1,1,1,1,1,1,1,1,1,1,1,1,1,1,1,1,1,1,1,1,1,1,1,0.999162479,0.998659967,1,1,1,1,0.997481108,0.999370277,0.998928572,1,0.998880493,0.999166667,0.998538012,0.998052764,0.998402778,0.999582289,0.998737374,0.997604167,0.999074074,0.998629149,0.998827471,0.999373434,0.998845508,0.998538012,0.9995,1,0.998492462,0.996466555,0.997744361,0.999641962,0.995142379,0.997972222,0.995792851,0.995989975,0.991750419,0.993325576,0.990759494,0.994539922,0.991227966,0.988696973,0.989514039,0.989097745,0.98840868,0.98899657,0.985968891,0.982399099,0.984851839,0.986083194,0.980973372,0.980571469,0.975101956,0.964131394,0.97034478,0.970939253,0.959082004,0.966543033,0.954923834,0.960174586,0.952097649,0.952565407,0.944638201,0.944512495,0.939593254,0.94163968,0.936444265,0.932511695,0.924110149,0.922474385,0.915755288,0.906083963,0.908902649,0.90270415,0.901317102,0.881259569,0.878333297,0.878539955,0.873184499,0.861191916,0.8596992,0.844935229,0.834786371,0.836634353,0.814699576,0.812490505,0.795281515,0.762908791,0.78261441,0.7561842,0.750857623,0.738737575,0.731293952,0.719464743,0.707642121,0.682753422,0.683732179,0.664522805,0.651643703,0.648847426,0.628547039,0.596720178,0.56950301,0.550306036,0.530230239,0.530905697,0.516728796,0.501984127,0.488446168,0.458135928,0.446613284,0.434615536,0.407960032,0.396636049,0.381929026,0.372188901,0.348658518,0.337904555,0.338628088,0.325425707,0.312186651,0.285948773,0.27514107,0.270014881,0.260681131,0.234795861,0.223866636,0.224965987,0.217022156,0.202163306,0.185238701,0.173824786,0.162496932,0.163514278,0.144461831,0.139043947,0.141477896,0.133824495,0.120129223,0.108737393,0.111212888,0.09834791,0.098855893,0.091653473,0.087244016,0.079990131,0.072103594,0.055457677,0.065745907,0.055762775,0.049956484,0.049362357,0.039310388,0.043932613,0.039140457,0.035289775,0.03768279,0.027658524,0.035086066,0.028862847,0.029300977,0.029101222
1700,1,1,1,1,1,1,1,1,1,1,1,1,1,1,1,1,1,1,1,1,1,1,1,1,1,1,1,1,1,1,1,1,1,1,1,1,1,1,1,1,1,1,1,1,1,1,1,1,1,1,1,1,1,1,1,1,1,1,1,1,1,1,1,1,1,1,1,1,1,1,1,1,1,1,1,1,1,1,1,1,1,1,1,1,1,1,1,1,1,1,1,1,1,1,1,1,1,1,1,1,1,1,1,1,1,1,1,1,1,1,1,1,1,1,1,1,1,1,1,1,1,1,1,1,1,1,1,1,1,1,1,1,1,1,1,1,1,1,1,1,1,1,1,1,1,1,1,1,1,1,1,1,1,1,1,1,1,1,1,1,1,1,1,1,1,1,1,1,1,1,1,1,1,1,1,1,1,1,1,1,1,1,1,1,1,1,1,1,0.998746867,0.999162479,1,1,1,1,1,0.999162479,0.999278499,1,1,0.99976985,0.999074074,0.999498747,0.999494949,1,1,1,0.998650594,0.999497487,1,1,0.998785714,0.998061737,0.998743719,0.999080405,0.998017857,0.995802425,0.993871584,0.997727,0.997529313,0.994276094,0.998384781,0.995204928,0.996616541,0.991583283,0.994629431,0.994018632,0.990414374,0.98961474,0.991360119,0.989859909,0.984257916,0.988650594,0.985323428,0.986468055,0.9865,0.97997491,0.980752469,0.982116005,0.978676383,0.975571866,0.975745942,0.968346694,0.965511994,0.953543512,0.960471898,0.950004008,0.955355652,0.951495343,0.942211851,0.948019871,0.947017524,0.941870065,0.936011406,0.932388131,0.935246219,0.924827613,0.9179745,0.920679013,0.898767753,0.880882879,0.897318694,0.892173887,0.88667245,0.88679409,0.865907002,0.859310986,0.851258185,0.847447556,0.841137233,0.82541491,0.814712755,0.814770099,0.790551408,0.801878847,0.768127065,0.758716836,0.75008631,0.726060842,0.73297549,0.719652036,0.691586807,0.685503726,0.673297881,0.650331359,0.634334989,0.637455138,0.623181303,0.600443924,0.574425174,0.563504151,0.549479919,0.530195951,0.535453837,0.516848691,0.504967514,0.505817825,0.4519071,0.467731722,0.44081375,0.426389901,0.406497638,0.391629116,0.380304984,0.334551282,0.324118054,0.327023447,0.330722967,0.313942299,0.291250509,0.267091604,0.263696613,0.259257453,0.237888601,0.222221194,0.216564655,0.218469282,0.190447701,0.171542532,0.178242601,0.169923513,0.167493215,0.150987377,0.136309523,0.13245394,0.124969716,0.11288811,0.11709289,0.0998557,0.093853297,0.091815865,0.092326337,0.086552395,0.077703373,0.090565862,0.070331344,0.068246639,0.07314713,0.065356513,0.067474747,0.067359307
1800,1,1,1,1,1,1,1,1,1,1,1,1,1,1,1,1,1,1,1,1,1,1,1,1,1,1,1,1,1,1,1,1,1,1,1,1,1,1,1,1,1,1,1,1,1,1,1,1,1,1,1,1,1,1,1,1,1,1,1,1,1,1,1,1,1,1,1,1,1,1,1,1,1,1,1,1,1,1,1,1,1,1,1,1,1,1,1,1,1,1,1,1,1,1,1,1,1,1,1,1,1,1,1,1,1,1,1,1,1,1,1,1,1,1,1,1,1,1,1,1,1,1,1,1,1,1,1,1,1,1,1,1,1,1,1,1,1,1,1,1,1,1,1,1,1,1,1,1,1,1,1,1,1,1,1,1,1,1,1,1,1,1,1,1,1,1,1,1,1,1,1,1,1,1,1,1,1,1,1,1,1,0.999370277,1,1,1,1,0.999582289,0.999370277,1,1,1,1,1,1,1,1,1,1,0.999498747,1,1,1,1,1,0.998875,0.998677582,1,0.999283924,0.999685139,0.999048223,0.999684343,0.999641063,0.997241214,0.998743719,0.998372615,0.997541082,0.998421717,0.996157059,0.997649035,0.998031826,0.999373434,0.998838438,0.997067072,0.996174953,0.995369706,0.992525958,0.994556548,0.993397543,0.995228125,0.995324493,0.991699487,0.990271248,0.991720372,0.992801308,0.9885219,0.990410385,0.987904284,0.98395506,0.982473215,0.988570029,0.986952741,0.981765932,0.990013394,0.992049533,0.980665059,0.977793691,0.978167607,0.978251985,0.978747464,0.970830342,0.968745513,0.964660347,0.967695935,0.957413738,0.95961377,0.958201394,0.955333771,0.954162679,0.950283943,0.940493178,0.936169846,0.928413303,0.945978152,0.918848114,0.916125814,0.902457497,0.910418289,0.912157015,0.898722343,0.897685019,0.886727949,0.867002908,0.866906167,0.870380034,0.856674884,0.851963725,0.843710768,0.828878886,0.802974016,0.797639985,0.798047779,0.791568972,0.780157736,0.773645579,0.747252209,0.735510863,0.723448957,0.728880852,0.703737691,0.701050125,0.679433222,0.660696887,0.629684079,0.6288101,0.615560941,0.59957119,0.609183144,0.568862699,0.572266015,0.54698946,0.552468011,0.529795304,0.522012676,0.492378735,0.485107785,0.442295905,0.43755604,0.429970109,0.404662195,0.415712662,0.3961065,0.373355572,0.358524872,0.334612916,0.321892536,0.322565075,0.296771379,0.286061508,0.275970363,0.255694597,0.254207577,0.23948515,0.223064658,0.230428368,0.227941596,0.200074088,0.185423639,0.174968857,0.16779546,0.161053689,0.162715621,0.153246661,0.13687057,0.143842517,0.131060046,0.144700917,0.133284115,0.117559786,0.105550455,0.102730365
1900,1,1,1,1,1,1,1,1,1,1,1,1,1,1,1,1,1,1,1,1,1,1,1,1,1,1,1,1,1,1,1,1,1,1,1,1,1,1,1,1,1,1,1,1,1,1,1,1,1,1,1,1,1,1,1,1,1,1,1,1,1,1,1,1,1,1,1,1,1,1,1,1,1,1,1,1,1,1,1,1,1,1,1,1,1,1,1,1,1,1,1,1,1,1,1,1,1,1,1,1,1,1,1,1,1,1,1,1,1,1,1,1,1,1,1,1,1,1,1,1,1,1,1,1,1,1,1,1,1,1,1,1,1,1,1,1,1,1,1,1,1,1,1,1,1,1,1,1,1,1,1,1,1,1,1,1,1,1,1,1,1,1,1,1,1,1,1,1,1,1,1,1,1,1,1,1,1,1,1,1,1,1,1,1,1,1,1,1,1,1,0.999498747,0.99968593,1,0.999371859,1,1,0.999164578,1,1,0.999497487,0.999641063,1,1,0.999496222,1,0.999283924,0.99760101,0.999373434,0.999371859,1,1,0.999216395,0.999581239,1,0.999022892,0.999370277,0.999375,0.999375,0.999578059,1,1,1,0.999078727,0.999280317,0.998000842,0.998224729,0.998997494,0.993731352,0.996297291,0.9969375,0.996239655,0.998015873,0.995244078,0.997013367,0.992940476,0.994857263,0.992546064,0.994427495,0.992325377,0.996832359,0.990131212,0.988915877,0.987724336,0.989921036,0.987735119,0.989584829,0.990601819,0.977969176,0.990248291,0.982505868,0.985364559,0.981244516,0.978529657,0.973449683,0.978063931,0.978454774,0.976370942,0.975708901,0.971698815,0.966802607,0.966887945,0.972375992,0.962644318,0.949100663,0.955738463,0.945363409,0.942915118,0.925267209,0.922181149,0.928751621,0.913197677,0.92803402,0.912829026,0.905850335,0.902153626,0.892332606,0.879009598,0.879218423,0.876322965,0.859341974,0.874021499,0.847548079,0.848791577,0.850456408,0.832694788,0.820968932,0.81834616,0.801873156,0.791276822,0.783525462,0.767720204,0.749432159,0.754775949,0.747515572,0.720811399,0.732994506,0.725843574,0.68092553,0.680212519,0.675713938,0.665658324,0.639387439,0.64155343,0.620999352,0.605509108,0.582509391,0.579617879,0.542881224,0.562654434,0.542911394,0.532312925,0.498752313,0.478404766,0.47361737,0.445113702,0.453865749,0.425761156,0.392768619,0.382907076,0.363294668,0.363341332,0.344363871,0.32256011,0.31682155,0.325516796,0.302297896,0.292608115,0.287826587,0.246453054,0.260449735,0.246676493,0.250131595,0.234724289,0.232631492,0.225783475,0.216836735,0.207037037,0.200056543,0.199262601,0.210689355
2000,1,1,1,1,1,1,1,1,1,1,1,1,1,1,1,1,1,1,1,1,1,1,1,1,1,1,1,1,1,1,1,1,1,1,1,1,1,1,1,1,1,1,1,1,1,1,1,1,1,1,1,1,1,1,1,1,1,1,1,1,1,1,1,1,1,1,1,1,1,1,1,1,1,1,1,1,1,1,1,1,1,1,1,1,1,1,1,1,1,1,1,1,1,1,1,1,1,1,1,1,1,1,1,1,1,1,1,1,1,1,1,1,1,1,1,1,1,1,1,1,1,1,1,1,1,1,1,1,1,1,1,1,1,1,1,1,1,1,1,1,1,1,1,1,1,1,1,1,1,1,1,1,1,1,1,1,1,1,1,1,1,1,1,1,1,1,1,1,1,1,1,1,1,1,1,1,1,1,1,1,1,1,1,1,1,1,1,1,1,1,1,1,1,1,1,1,1,1,1,1,1,1,1,1,1,1,1,0.999166667,0.998740554,0.999685139,0.999015396,1,1,1,0.999370277,0.998677582,1,0.998530647,0.998504427,0.998908232,0.99540518,0.996552454,0.998285754,0.99537037,0.996733668,0.99726431,0.996648367,0.999220273,0.998026868,0.998538145,0.998241206,0.999806726,0.998875,0.998392857,0.998484848,0.997744361,0.999012922,0.998710066,0.998698573,0.997934115,0.998156105,0.997947574,0.997927952,0.994870184,0.995764537,0.995399212,0.995828858,0.995123569,0.995741873,0.989767857,0.989742665,0.987880415,0.992608253,0.985821967,0.982425595,0.991462784,0.984808966,0.9879375,0.981425558,0.984887732,0.975423746,0.977012115,0.975119048,0.970346683,0.971831289,0.97321942,0.961360932,0.96587996,0.964570215,0.952748846,0.953760249,0.949605163,0.948269277,0.937131662,0.935492411,0.939435649,0.930713689,0.939789224,0.927672265,0.917163448,0.916881195,0.907027817,0.905948393,0.882938431,0.892426242,0.878160574,0.884082598,0.863155062,0.871132338,0.857728024,0.859502766,0.853997371,0.836612627,0.840464196,0.806456974,0.799239312,0.798849506,0.803235731,0.798837513,0.78364778,0.763986585,0.752220364,0.733386087,0.727743447,0.707928431,0.702483684,0.679187262,0.682618753,0.659889963,0.660941095,0.640009871,0.619824005,0.612147324,0.582234004,0.591851123,0.576693943,0.54693251,0.540030902,0.534084359,0.50302377,0.515082162,0.465547233,0.455343044,0.425834258,0.434376418,0.424120381,0.407589286,0.377391101,0.392139416,0.368733211,0.367641898,0.334199317,0.342774899,0.341084724,0.340334539,0.315259369,0.314243674,0.309258141,0.304440282,0.323089245
2100,1,1,1,1,1,1,1,1,1,1,1,1,1,1,1,1,1,1,1,1,1,1,1,1,1,1,1,1,1,1,1,1,1,1,1,1,1,1,1,1,1,1,1,1,1,1,1,1,1,1,1,1,1,1,1,1,1,1,1,1,1,1,1,1,1,1,1,1,1,1,1,1,1,1,1,1,1,1,1,1,1,1,1,1,1,1,1,1,1,1,1,1,1,1,1,1,1,1,1,1,1,1,1,1,1,1,1,1,1,1,1,1,1,1,1,1,1,1,1,1,1,1,1,1,1,1,1,1,1,1,1,1,1,1,1,1,1,1,1,1,1,1,1,1,1,1,1,1,1,1,1,1,1,1,1,1,1,1,1,1,1,1,1,1,1,1,1,1,1,1,1,1,1,1,1,1,1,1,1,1,1,1,1,1,1,1,1,1,1,1,1,1,1,1,1,1,1,1,1,1,1,1,1,1,1,1,1,0.999497487,0.999772158,1,1,1,0.99977101,1,1,0.998746867,0.99968593,1,0.999685139,1,1,0.999494949,1,1,0.999580185,1,0.999640158,0.999166667,1,1,0.998694773,0.999081036,0.998851295,0.999373434,0.999721526,0.999580185,0.999578059,0.998663325,0.998530646,0.999218374,0.998350042,0.998290752,0.997047299,0.996545226,0.995866402,0.998236776,0.998710066,0.997285714,0.99770259,0.996353415,0.996835367,0.993811911,0.996533525,0.99171951,0.992255892,0.98950008,0.989327802,0.989075807,0.988323562,0.987742394,0.984437284,0.982393484,0.990188317,0.987105179,0.986508938,0.984736112,0.977236016,0.976372936,0.978015673,0.974487226,0.974132647,0.97434127,0.972393849,0.965604782,0.965811734,0.955091759,0.954614342,0.948949756,0.942760517,0.945542337,0.933960217,0.941491744,0.930179669,0.923409715,0.928755863,0.929051547,0.906721043,0.921867591,0.905821101,0.910878088,0.904195916,0.885376287,0.895577478,0.888769339,0.881483057,0.872224227,0.862255361,0.857164959,0.832065891,0.818440356,0.830603811,0.831079607,0.809750139,0.804628691,0.791944063,0.7778413,0.767855139,0.764664456,0.739755877,0.744858803,0.720198123,0.716477502,0.70436672,0.694022284,0.682056461,0.660907201,0.650188821,0.635108445,0.636017463,0.621215593,0.603120905,0.579832597,0.569713953,0.548787148,0.560322469,0.513436088,0.520502463,0.504816293,0.498822752,0.498126404,0.481022409,0.474503203,0.468401904,0.459850694,0.448802365,0.432718405,0.437338031,0.441204386,0.425676638,0.425108317
2200,1,1,1,1,1,1,1,1,1,1,1,1,1,1,1,1,1,1,1,1,1,1,1,1,1,1,1,1,1,1,1,1,1,1,1,1,1,1,1,1,1,1,1,1,1,1,1,1,1,1,1,1,1,1,1,1,1,1,1,1,1,1,1,1,1,1,1,1,1,1,1,1,1,1,1,1,1,1,1,1,1,1,1,1,1,1,1,1,1,1,1,1,1,1,1,1,1,1,1,1,1,1,1,1,1,1,1,1,1,1,1,1,1,1,1,1,1,1,1,1,1,1,1,1,1,1,1,1,1,1,1,1,1,1,1,1,1,1,1,1,1,1,1,1,1,1,1,1,1,1,1,1,1,1,1,1,1,1,1,1,1,1,1,1,1,1,1,1,1,1,1,1,1,1,1,1,1,1,1,1,1,1,1,1,1,1,1,1,1,1,1,1,1,1,1,1,1,1,1,1,1,1,1,1,1,1,1,1,1,1,1,0.9995,1,1,1,1,0.999162479,1,1,1,1,1,1,1,1,1,0.999444444,1,1,0.999371859,0.999582289,0.999162479,1,0.998660714,0.999156118,1,0.999218314,0.999162479,0.999373434,0.999162479,0.998450586,0.997613065,0.999580185,0.998448502,0.9971875,0.999162479,0.99796714,0.998923188,0.996756909,0.998590173,0.999162479,0.997333333,0.997226211,0.996727686,0.9973125,0.997099347,0.993332735,0.994040639,0.995477386,0.992748918,0.987675423,0.989625421,0.98943265,0.991393166,0.992285714,0.991919192,0.991325676,0.987188209,0.985702381,0.988432241,0.985684299,0.984179828,0.978474472,0.977674824,0.974507698,0.978131514,0.977304372,0.977429174,0.966827406,0.958388709,0.973104279,0.960185185,0.965843105,0.963102218,0.945273989,0.946486546,0.944113424,0.946922085,0.940634269,0.93801468,0.929928899,0.934579645,0.923281757,0.92481754,0.910078169,0.906845736,0.908876357,0.898157167,0.891808319,0.889643655,0.875042873,0.866211322,0.871030747,0.853812966,0.849778539,0.838140561,0.83586042,0.825222142,0.813709061,0.807420735,0.799386177,0.795713083,0.779750792,0.766341079,0.755401236,0.754321663,0.727217199,0.739904119,0.713269418,0.697226231,0.70404561,0.68002479,0.677427638,0.665190436,0.645030778,0.650564597,0.640147753,0.616395786,0.630569729,0.588785412,0.583155565,0.606810465,0.580755541,0.571591878,0.565228049,0.569365285,0.556389391,0.556966491,0.538928269,0.534170293
2300,1,1,1,1,1,1,1,1,1,1,1,1,1,1,1,1,1,1,1,1,1,1,1,1,1,1,1,1,1,1,1,1,1,1,1,1,1,1,1,1,1,1,1,1,1,1,1,1,1,1,1,1,1,1,1,1,1,1,1,1,1,1,1,1,1,1,1,1,1,1,1,1,1,1,1,1,1,1,1,1,1,1,1,1,1,1,1,1,1,1,1,1,1,1,1,1,1,1,1,1,1,1,1,1,1,1,1,1,1,1,1,1,1,1,1,1,1,1,1,1,1,1,1,1,1,1,1,1,1,1,1,1,1,1,1,1,1,1,1,1,1,1,1,1,1,1,1,1,1,1,1,1,1,1,1,1,1,1,1,1,1,1,1,1,1,1,1,1,1,1,1,1,1,1,1,1,1,1,1,1,1,1,1,1,1,1,1,1,1,1,1,1,1,1,1,1,1,1,1,1,1,1,1,1,1,1,1,1,1,1,0.998734177,1,1,0.999494949,1,1,1,1,1,1,1,1,1,1,1,1,0.999166667,1,1,1,1,1,1,1,0.999370277,0.998555276,0.998115578,1,0.998488665,1,0.99913638,1,1,0.999057789,1,0.999497487,0.99941412,0.999367089,0.999074074,0.997762263,0.998866499,0.99880654,0.997440029,0.997906197,0.998666667,0.998025844,0.999185464,0.996333333,0.995697577,0.995214226,0.997076024,0.996625987,0.998,0.999224251,0.995993772,0.993028499,0.99470433,0.990422619,0.991732638,0.990296722,0.989467717,0.988946429,0.988464939,0.991994868,0.991949119,0.984161881,0.985557565,0.987883399,0.986481083,0.979312839,0.982784342,0.985520372,0.975097696,0.978282739,0.977529512,0.974056661,0.966328667,0.968689791,0.97365897,0.972042302,0.960312385,0.969207759,0.951232353,0.953690979,0.945187864,0.954801687,0.938786193,0.942410213,0.935336907,0.926258447,0.920298916,0.911212067,0.907563674,0.917086349,0.891639747,0.89172764,0.895495931,0.881157682,0.871890043,0.86531467,0.850005997,0.846610952,0.854421625,0.840309424,0.829617239,0.820176969,0.799042181,0.782210064,0.789727634,0.776871669,0.774924179,0.764962949,0.737900323,0.768988906,0.743254973,0.732326702,0.72858901,0.73391393,0.713167297,0.709268636,0.697667392,0.696995767,0.677804903,0.678476558,0.663096245,0.662914406,0.662694375,0.662924452,0.662848481,0.66695536
2400,1,1,1,1,1,1,1,1,1,1,1,1,1,1,1,1,1,1,1,1,1,1,1,1,1,1,1,1,1,1,1,1,1,1,1,1,1,1,1,1,1,1,1,1,1,1,1,1,1,1,1,1,1,1,1,1,1,1,1,1,1,1,1,1,1,1,1,1,1,1,1,1,1,1,1,1,1,1,1,1,1,1,1,1,1,1,1,1,1,1,1,1,1,1,1,1,1,1,1,1,1,1,1,1,1,1,1,1,1,1,1,1,1,1,1,1,1,1,1,1,1,1,1,1,1,1,1,1,1,1,1,1,1,1,1,1,1,1,1,1,1,1,1,1,1,1,1,1,1,1,1,1,1,1,1,1,1,1,1,1,1,1,1,1,1,1,1,1,1,1,1,1,1,1,1,1,1,1,1,1,1,1,1,1,1,1,1,1,1,1,1,1,1,1,1,1,1,1,1,1,1,1,1,1,1,1,1,1,1,1,1,1,1,1,1,1,1,1,1,1,1,1,1,1,1,1,1,1,1,1,0.99916037,1,0.999373434,0.999641962,1,1,1,1,1,1,1,0.999684343,1,1,0.999686717,1,0.999580185,1,1,1,1,1,0.999283924,0.998928681,0.999578059,0.999583333,1,0.999017857,0.999498747,0.996625987,0.998283082,0.99918136,0.997900924,0.99761308,0.99779597,0.995121441,0.997571069,0.998366834,0.995977633,0.994810362,0.994083694,0.99462048,0.993314789,0.992726191,0.994113424,0.992524289,0.992637792,0.991862593,0.99100728,0.991997852,0.993066523,0.993951389,0.991712531,0.993248983,0.991882936,0.979660714,0.983082077,0.98177694,0.982720329,0.978173599,0.97602687,0.973384831,0.974772673,0.971615961,0.972993056,0.971757255,0.973210278,0.970566433,0.966532131,0.961154872,0.958485994,0.963585731,0.94357103,0.946018785,0.940120348,0.931086646,0.935582676,0.938830621,0.930594638,0.908047459,0.909355308,0.904339092,0.90577446,0.906922399,0.890676921,0.881317301,0.871479549,0.881668516,0.857335805,0.850595741,0.847279486,0.845055706,0.835301548,0.843943084,0.817363513,0.813170776,0.802681489,0.797109555,0.807540596,0.797267157,0.786268837,0.783726131,0.777758593,0.748259995,0.75955287,0.763203463,0.743376823,0.75213945,0.755623514,0.766769698
2500,1,1,1,1,1,1,1,1,1,1,1,1,1,1,1,1,1,1,1,1,1,1,1,1,1,1,1,1,1,1,1,1,1,1,1,1,1,1,1,1,1,1,1,1,1,1,1,1,1,1,1,1,1,1,1,1,1,1,1,1,1,1,1,1,1,1,1,1,1,1,1,1,1,1,1,1,1,1,1,1,1,1,1,1,1,1,1,1,1,1,1,1,1,1,1,1,1,1,1,1,1,1,1,1,1,1,1,1,1,1,1,1,1,1,1,1,1,1,1,1,1,1,1,1,1,1,1,1,1,1,1,1,1,1,1,1,1,1,1,1,1,1,1,1,1,1,1,1,1,1,1,1,1,1,1,1,1,1,1,1,1,1,1,1,1,1,1,1,1,1,1,1,1,1,1,1,1,1,1,1,1,1,1,1,1,1,1,1,1,1,1,1,1,1,1,1,1,1,1,1,1,1,1,1,1,1,1,1,1,1,1,1,1,1,1,1,1,1,1,1,1,1,1,1,1,1,1,0.999721526,1,1,1,1,0.999581239,0.999162479,1,1,1,1,1,0.999164578,0.999580185,1,1,1,1,0.999581239,1,1,1,1,1,1,0.998892857,1,0.998734177,1,0.999081036,0.998997494,1,1,0.998458333,0.999582289,0.998809524,0.997705357,0.999493671,0.999580185,0.99555416,0.997900924,0.998740554,0.998135219,0.999772158,0.997282347,0.998157454,0.998345896,1,0.999496222,0.99681742,0.997830954,0.997411139,0.995647882,0.998305287,0.994894515,0.997395833,0.995854271,0.995530493,0.991861598,0.989654692,0.9911875,0.991884921,0.992709208,0.990048379,0.993567251,0.988991881,0.982600503,0.988369734,0.981467155,0.981846494,0.982346741,0.982863724,0.981418994,0.972434875,0.981941946,0.975162338,0.971820412,0.976135501,0.962983442,0.963636456,0.961939006,0.961378321,0.944957633,0.946471354,0.940477926,0.934840872,0.924229076,0.928779913,0.917170903,0.921289877,0.931513135,0.924871551,0.90922794,0.909267387,0.906508735,0.892152007,0.881580432,0.885423683,0.874266477,0.870834326,0.854099535,0.854674724,0.849364916,0.856061513,0.854795058,0.843207547,0.836756453,0.83420276,0.847229272,0.836111265,0.826133644,0.835203223,0.834621988
2600,1,1,1,1,1,1,1,1,1,1,1,1,1,1,1,1,1,1,1,1,1,1,1,1,1,1,1,1,1,1,1,1,1,1,1,1,1,1,1,1,1,1,1,1,1,1,1,1,1,1,1,1,1,1,1,1,1,1,1,1,1,1,1,1,1,1,1,1,1,1,1,1,1,1,1,1,1,1,1,1,1,1,1,1,1,1,1,1,1,1,1,1,1,1,1,1,1,1,1,1,1,1,1,1,1,1,1,1,1,1,1,1,1,1,1,1,1,1,1,1,1,1,1,1,1,1,1,1,1,1,1,1,1,1,1,1,1,1,1,1,1,1,1,1,1,1,1,1,1,1,1,1,1,1,1,1,1,1,1,1,1,1,1,1,1,1,1,1,1,1,1,1,1,1,1,1,1,1,1,1,1,1,1,1,1,1,1,1,1,1,1,1,1,1,1,1,1,1,1,1,1,1,1,1,1,1,1,1,1,1,1,1,1,1,1,1,1,1,1,1,1,1,1,1,1,1,1,1,1,1,1,1,1,1,1,0.999582289,1,1,1,0.9996875,1,0.999719416,1,1,1,1,1,1,1,1,1,0.999720123,1,1,0.999370277,1,1,1,1,1,1,1,1,1,1,0.999498747,0.999497487,0.999375,1,1,0.998953099,0.999371859,1,1,0.999337121,0.999331662,0.998656591,0.998333333,0.998368938,0.999162479,0.999640158,0.995882564,0.99714467,0.997661029,0.994038623,0.997270833,0.997742616,0.993665712,0.992979167,0.997037304,0.993447883,0.99469697,0.991470741,0.993150014,0.990253848,0.993287868,0.993136521,0.984678742,0.991098349,0.988287154,0.986805806,0.982819264,0.986024494,0.977158611,0.977731914,0.977664399,0.97753051,0.973051676,0.966874576,0.970529498,0.96448463,0.962106181,0.965371237,0.955915305,0.951603214,0.955430349,0.953410312,0.946979104,0.943635838,0.939421313,0.938784199,0.939958327,0.933991703,0.932523527,0.922914429,0.918643849,0.924613105,0.916382508,0.904941279,0.906337151,0.914200537,0.900485232,0.904833142,0.898008859,0.901701251,0.902570211,0.891166058,0.893445402,0.890927854,0.888569042
2700,1,1,1,1,1,1,1,1,1,1,1,1,1,1,1,1,1,1,1,1,1,1,1,1,1,1,1,1,1,1,1,1,1,1,1,1,1,1,1,1,1,1,1,1,1,1,1,1,1,1,1,1,1,1,1,1,1,1,1,1,1,1,1,1,1,1,1,1,1,1,1,1,1,1,1,1,1,1,1,1,1,1,1,1,1,1,1,1,1,1,1,1,1,1,1,1,1,1,1,1,1,1,1,1,1,1,1,1,1,1,1,1,1,1,1,1,1,1,1,1,1,1,1,1,1,1,1,1,1,1,1,1,1,1,1,1,1,1,1,1,1,1,1,1,1,1,1,1,1,1,1,1,1,1,1,1,1,1,1,1,1,1,1,1,1,1,1,1,1,1,1,1,1,1,1,1,1,1,1,1,1,1,1,1,1,1,1,1,1,1,1,1,1,1,1,1,1,1,1,1,1,1,1,1,1,1,1,1,1,1,1,1,1,1,1,1,1,1,1,1,1,1,1,1,1,1,1,1,1,1,1,1,1,1,1,1,1,1,1,1,1,1,1,1,1,1,1,1,1,1,1,1,1,1,1,1,1,1,1,1,1,1,1,1,1,0.998866499,1,1,1,0.999498747,0.999686717,0.998746867,0.999641962,0.999371859,0.999685139,1,0.999081036,0.99880654,0.998593893,0.999720123,0.998380713,0.999497487,0.99807853,0.998241206,0.997535506,0.998551637,0.997397145,0.997991853,0.995569445,0.998534338,0.992908121,0.994318182,0.995690476,0.994974874,0.99625,0.993970238,0.988413098,0.992561761,0.992851176,0.994173247,0.991743247,0.987542873,0.988355124,0.981833772,0.982528548,0.988956688,0.980873432,0.982863723,0.982118928,0.975670017,0.98082211,0.973988446,0.974468911,0.972385913,0.9795944,0.97985042,0.980647981,0.975559344,0.968515513,0.963547619,0.973328096,0.962645478,0.957003477,0.960831234,0.957085083,0.953230298,0.952914718,0.947237825,0.951081798,0.947003319,0.943257946,0.9401013,0.942939522,0.934651074,0.935402423,0.931200145,0.927706987,0.929076479,0.921921597,0.921199205
2800,1,1,1,1,1,1,1,1,1,1,1,1,1,1,1,1,1,1,1,1,1,1,1,1,1,1,1,1,1,1,1,1,1,1,1,1,1,1,1,1,1,1,1,1,1,1,1,1,1,1,1,1,1,1,1,1,1,1,1,1,1,1,1,1,1,1,1,1,1,1,1,1,1,1,1,1,1,1,1,1,1,1,1,1,1,1,1,1,1,1,1,1,1,1,1,1,1,1,1,1,1,1,1,1,1,1,1,1,1,1,1,1,1,1,1,1,1,1,1,1,1,1,1,1,1,1,1,1,1,1,1,1,1,1,1,1,1,1,1,1,1,1,1,1,1,1,1,1,1,1,1,1,1,1,1,1,1,1,1,1,1,1,1,1,1,1,1,1,1,1,1,1,1,1,1,1,1,1,1,1,1,1,1,1,1,1,1,1,1,1,1,1,1,1,1,1,1,1,1,1,1,1,1,1,1,1,1,1,1,1,1,1,1,1,1,1,1,1,1,1,1,1,1,1,1,1,1,1,1,1,1,1,1,1,1,1,1,1,1,1,1,1,1,1,1,1,1,1,1,1,1,1,1,1,1,1,1,1,1,1,1,1,1,1,1,1,1,0.999496222,0.999164578,1,1,0.999582289,1,0.999496222,1,0.998866499,0.998746867,0.999081036,0.998106061,1,0.997076023,0.999720123,0.99887218,1,0.999041163,0.998869347,0.999371859,0.999005425,0.997947249,0.995707705,0.998166667,0.996452561,0.995483369,0.993439419,0.99647643,0.997592127,0.996741855,0.99298541,0.993134418,0.993234977,0.994872256,0.990924122,0.990595837,0.99310777,0.992340279,0.9929396,0.99339212,0.991353594,0.994444445,0.988906791,0.991397068,0.988726551,0.989543303,0.994173836,0.984149916,0.988512055,0.990058479,0.985000399,0.981080325,0.984851839,0.986951742,0.980892857,0.974708875,0.978099636,0.972019821,0.972330447,0.974047818,0.972199174,0.968008315,0.971416607,0.971848271,0.970057263,0.964669546,0.975555155,0.96099008,0.96209068,0.964540603,0.968349445,0.970417564,0.968060566
2900,1,1,1,1,1,1,1,1,1,1,1,1,1,1,1,1,1,1,1,1,1,1,1,1,1,1,1,1,1,1,1,1,1,1,1,1,1,1,1,1,1,1,1,1,1,1,1,1,1,1,1,1,1,1,1,1,1,1,1,1,1,1,1,1,1,1,1,1,1,1,1,1,1,1,1,1,1,1,1,1,1,1,1,1,1,1,1,1,1,1,1,1,1,1,1,1,1,1,1,1,1,1,1,1,1,1,1,1,1,1,1,1,1,1,1,1,1,1,1,1,1,1,1,1,1,1,1,1,1,1,1,1,1,1,1,1,1,1,1,1,1,1,1,1,1,1,1,1,1,1,1,1,1,1,1,1,1,1,1,1,1,1,1,1,1,1,1,1,1,1,1,1,1,1,1,1,1,1,1,1,1,1,1,1,1,1,1,1,1,1,1,1,1,1,1,1,1,1,1,1,1,1,1,1,1,1,1,1,1,1,1,1,1,1,1,1,1,1,1,1,1,1,1,1,1,1,1,1,1,1,1,1,1,1,1,1,1,1,1,1,1,1,1,1,1,1,1,1,1,1,1,1,1,1,1,1,1,1,1,1,1,1,1,1,1,1,1,1,1,1,1,1,1,1,1,0.999497487,1,0.999497487,1,1,0.999373434,0.997068677,0.999010436,0.998320739,0.99906015,0.999076406,0.997216255,0.998145833,0.998743719,0.999270833,0.999263468,0.998333333,0.996347403,0.997186147,0.996365915,0.997911445,0.9975,0.997946554,0.996201244,0.998141134,0.995859166,0.995628878,0.99402375,0.992318736,0.995541667,0.997893927,0.994436813,0.994410714,0.995154553,0.992713568,0.993259951,0.98919252,0.995382032,0.991624791,0.988966464,0.989022843,0.989760092,0.988937867,0.9880475,0.991744047,0.99421172,0.991854001,0.987784159,0.985626103,0.986882827,0.986038143,0.984701179,0.979093882,0.983259623,0.985222502,0.981153292,0.978990189,0.986669054,0.98035764,0.979843869,0.97674683,0.978227446,0.976519503,0.978394399,0.977518545
3000,1,1,1,1,1,1,1,1,1,1,1,1,1,1,1,1,1,1,1,1,1,1,1,1,1,1,1,1,1,1,1,1,1,1,1,1,1,1,1,1,1,1,1,1,1,1,1,1,1,1,1,1,1,1,1,1,1,1,1,1,1,1,1,1,1,1,1,1,1,1,1,1,1,1,1,1,1,1,1,1,1,1,1,1,1,1,1,1,1,1,1,1,1,1,1,1,1,1,1,1,1,1,1,1,1,1,1,1,1,1,1,1,1,1,1,1,1,1,1,1,1,1,1,1,1,1,1,1,1,1,1,1,1,1,1,1,1,1,1,1,1,1,1,1,1,1,1,1,1,1,1,1,1,1,1,1,1,1,1,1,1,1,1,1,1,1,1,1,1,1,1,1,1,1,1,1,1,1,1,1,1,1,1,1,1,1,1,1,1,1,1,1,1,1,1,1,1,1,1,1,1,1,1,1,1,1,1,1,1,1,1,1,1,1,1,1,1,1,1,1,1,1,1,1,1,1,1,1,1,1,1,1,1,1,1,1,1,1,1,1,1,1,1,1,1,1,1,1,1,1,1,1,1,1,1,1,1,1,1,1,1,1,1,1,1,1,1,1,1,1,1,1,1,1,1,1,1,1,1,1,0.999496222,1,1,1,0.999581239,1,1,0.999497487,1,0.999326992,1,1,0.998448502,0.99963925,1,0.997741302,0.996992481,1,0.998429648,0.999494949,0.999641063,0.997422127,0.998115578,0.996464646,0.9971285,0.996221662,0.996177945,0.996761425,0.997481108,0.996,0.996166667,0.997487437,0.996240602,0.997801508,0.995664128,0.99582289,0.993997767,0.992383351,0.994367478,0.994122586,0.992676768,0.993626925,0.991813602,0.991583333,0.99462048,0.994080439,0.993129771,0.991303826,0.991122278,0.992359362,0.992000835,0.989220074,0.991834171,0.987658531,0.988729361,0.991354167,0.990559524,0.991287879,0.990368509,0.992708334
3100,1,1,1,1,1,1,1,1,1,1,1,1,1,1,1,1,1,1,1,1,1,1,1,1,1,1,1,1,1,1,1,1,1,1,1,1,1,1,1,1,1,1,1,1,1,1,1,1,1,1,1,1,1,1,1,1,1,1,1,1,1,1,1,1,1,1,1,1,1,1,1,1,1,1,1,1,1,1,1,1,1,1,1,1,1,1,1,1,1,1,1,1,1,1,1,1,1,1,1,1,1,1,1,1,1,1,1,1,1,1,1,1,1,1,1,1,1,1,1,1,1,1,1,1,1,1,1,1,1,1,1,1,1,1,1,1,1,1,1,1,1,1,1,1,1,1,1,1,1,1,1,1,1,1,1,1,1,1,1,1,1,1,1,1,1,1,1,1,1,1,1,1,1,1,1,1,1,1,1,1,1,1,1,1,1,1,1,1,1,1,1,1,1,1,1,1,1,1,1,1,1,1,1,1,1,1,1,1,1,1,1,1,1,1,1,1,1,1,1,1,1,1,1,1,1,1,1,1,1,1,1,1,1,1,1,1,1,1,1,1,1,1,1,1,1,1,1,1,1,1,1,1,1,1,1,1,1,1,1,1,1,1,1,1,1,1,1,1,1,1,1,0.999156118,0.999373434,1,0.999686717,1,1,1,1,1,1,1,1,1,1,0.999497487,1,1,1,0.99875,0.998936736,0.999244332,1,1,0.998333333,0.999582289,1,0.997061293,0.998743719,0.998746867,0.998316498,0.999368687,0.999371859,0.999325297,0.998997494,0.99916037,0.998120301,0.999166667,0.997493734,0.998115578,0.9975,0.996992481,0.998030791,0.999371859,0.99760101,0.997061293,0.998324958,0.997481108,0.997474747,0.9965,0.9975,0.997481108,0.9945,0.996252094,0.996332371,0.9975,0.996240602,0.994319555,0.994583333,0.994674185,0.991077441,0.995520548,0.995603015,0.99479429,0.997061293,0.993342929,0.991765127,0.993689581,0.993402903,0.99257384
3200,1,1,1,1,1,1,1,1,1,1,1,1,1,1,1,1,1,1,1,1,1,1,1,1,1,1,1,1,1,1,1,1,1,1,1,1,1,1,1,1,1,1,1,1,1,1,1,1,1,1,1,1,1,1,1,1,1,1,1,1,1,1,1,1,1,1,1,1,1,1,1,1,1,1,1,1,1,1,1,1,1,1,1,1,1,1,1,1,1,1,1,1,1,1,1,1,1,1,1,1,1,1,1,1,1,1,1,1,1,1,1,1,1,1,1,1,1,1,1,1,1,1,1,1,1,1,1,1,1,1,1,1,1,1,1,1,1,1,1,1,1,1,1,1,1,1,1,1,1,1,1,1,1,1,1,1,1,1,1,1,1,1,1,1,1,1,1,1,1,1,1,1,1,1,1,1,1,1,1,1,1,1,1,1,1,1,1,1,1,1,1,1,1,1,1,1,1,1,1,1,1,1,1,1,1,1,1,1,1,1,1,1,1,1,1,1,1,1,1,1,1,1,1,1,1,1,1,1,1,1,1,1,1,1,1,1,1,1,1,1,1,1,1,1,1,1,1,1,1,1,1,1,1,1,1,1,1,0.999721526,1,0.998740554,0.999492386,0.999162479,0.998994975,0.99916037,1,0.99875,1,0.999683544,0.998492462,0.998883306,1,1,1,1,0.999641063,1,0.999581239,1,0.999722222,0.999581239,0.99875,0.999540863,1,0.998737374,0.999158249,0.999164578,0.998737374,0.998928572,0.998740554,0.999497487,1,0.999641063,1,0.999640158,0.99875,0.998737374,0.999370277,0.999370277,1,1,1,0.998746867,0.999749373,0.999158249,1,0.999166667,0.999166667,0.999498747,1,0.997493734,1,0.998316498,1,0.997493734,0.998187092,0.997827903,0.997619048,0.996482684,0.997474747,0.997481108,0.997493734,0.997468354,0.997493734,0.997895623,0.997487437,0.996202532,0.996992481,0.997487437,0.996285714,0.99657477,0.997474747,0.995812395,0.996267049,0.996849326,0.994987469,0.997493734,0.99625,0.999370277,0.994892247,0.997487437
3300,1,1,1,1,1,1,1,1,1,1,1,1,1,1,1,1,1,1,1,1,1,1,1,1,1,1,1,1,1,1,1,1,1,1,1,1,1,1,1,1,1,1,1,1,1,1,1,1,1,1,1,1,1,1,1,1,1,1,1,1,1,1,1,1,1,1,1,1,1,1,1,1,1,1,1,1,1,1,1,1,1,1,1,1,1,1,1,1,1,1,1,1,1,1,1,1,1,1,1,1,1,1,1,1,1,1,1,1,1,1,1,1,1,1,1,1,1,1,1,1,1,1,1,1,1,1,1,1,1,1,1,1,1,1,1,1,1,1,1,1,1,1,1,1,1,1,1,1,1,1,1,1,1,1,1,1,1,1,1,1,1,1,1,1,1,1,1,1,1,1,1,1,1,1,1,1,1,1,1,1,1,1,1,1,1,1,1,1,1,1,1,1,1,1,1,1,1,1,1,1,1,1,1,1,1,1,1,1,1,1,1,1,1,1,1,1,1,1,1,1,1,1,1,1,1,1,1,1,1,1,1,1,1,1,1,1,1,1,1,1,1,1,1,1,1,1,1,1,1,1,1,1,1,1,1,1,1,1,1,1,1,1,1,1,1,1,1,1,1,1,1,1,1,1,1,0.999638336,1,0.999686717,0.998737374,1,1,1,0.999641962,0.999158249,0.999153976,0.999375,1,1,1,0.999371859,1,1,0.999164578,1,1,0.998245614,1,0.99963925,1,1,1,1,1,1,1,1,1,1,0.999162479,0.999545455,1,1,0.998746867,0.998743719,0.999497487,0.998994975,1,0.998320739,0.998740554,0.998746867,0.999074074,0.99855471,0.998156105,0.998324958,0.998320739,0.997493734,0.998329156,0.997173367,0.997493734,0.996992481,0.996043771,0.996843434,0.996670854,0.997474747,0.997481108,0.997474747,0.996666667,0.996658313,0.997474747,0.997474747
3400,1,1,1,1,1,1,1,1,1,1,1,1,1,1,1,1,1,1,1,1,1,1,1,1,1,1,1,1,1,1,1,1,1,1,1,1,1,1,1,1,1,1,1,1,1,1,1,1,1,1,1,1,1,1,1,1,1,1,1,1,1,1,1,1,1,1,1,1,1,1,1,1,1,1,1,1,1,1,1,1,1,1,1,1,1,1,1,1,1,1,1,1,1,1,1,1,1,1,1,1,1,1,1,1,1,1,1,1,1,1,1,1,1,1,1,1,1,1,1,1,1,1,1,1,1,1,1,1,1,1,1,1,1,1,1,1,1,1,1,1,1,1,1,1,1,1,1,1,1,1,1,1,1,1,1,1,1,1,1,1,1,1,1,1,1,1,1,1,1,1,1,1,1,1,1,1,1,1,1,1,1,1,1,1,1,1,1,1,1,1,1,1,1,1,1,1,1,1,1,1,1,1,1,1,1,1,1,1,1,1,1,1,1,1,1,1,1,1,1,1,1,1,1,1,1,1,1,1,1,1,1,1,1,1,1,1,1,1,1,1,1,1,1,1,1,1,1,1,1,1,1,1,1,1,1,1,1,1,1,1,1,1,1,1,1,1,1,1,1,1,1,1,1,1,1,1,1,1,1,1,1,1,1,1,1,1,1,1,1,1,1,1,1,1,1,1,1,1,1,1,1,1,1,0.999153976,1,1,1,1,1,1,1,1,0.999373434,0.998743719,1,1,0.999055416,0.999370277,1,1,0.999373434,1,1,1,0.999498747,0.999156118,0.998743719,0.999581239,0.99916037,0.9996875,0.998987342,0.997481108,0.999371859,0.997984887,0.998329156,0.999371859,0.998992443,0.998727735,0.998316498,0.997481108
3500,1,1,1,1,1,1,1,1,1,1,1,1,1,1,1,1,1,1,1,1,1,1,1,1,1,1,1,1,1,1,1,1,1,1,1,1,1,1,1,1,1,1,1,1,1,1,1,1,1,1,1,1,1,1,1,1,1,1,1,1,1,1,1,1,1,1,1,1,1,1,1,1,1,1,1,1,1,1,1,1,1,1,1,1,1,1,1,1,1,1,1,1,1,1,1,1,1,1,1,1,1,1,1,1,1,1,1,1,1,1,1,1,1,1,1,1,1,1,1,1,1,1,1,1,1,1,1,1,1,1,1,1,1,1,1,1,1,1,1,1,1,1,1,1,1,1,1,1,1,1,1,1,1,1,1,1,1,1,1,1,1,1,1,1,1,1,1,1,1,1,1,1,1,1,1,1,1,1,1,1,1,1,1,1,1,1,1,1,1,1,1,1,1,1,1,1,1,1,1,1,1,1,1,1,1,1,1,1,1,1,1,1,1,1,1,1,1,1,1,1,1,1,1,1,1,1,1,1,1,1,1,1,1,1,1,1,1,1,1,1,1,1,1,1,1,1,1,1,1,1,1,1,1,1,1,1,1,1,1,1,1,1,1,1,1,1,1,1,1,1,1,1,1,1,1,1,1,1,1,1,1,1,1,1,1,1,1,1,1,1,1,1,1,1,1,1,1,1,1,1,1,1,1,1,1,1,1,1,1,1,1,1,1,1,1,1,0.9996875,1,0.999164578,0.998740554,1,1,1,1,1,1,0.998743719,0.999747475,1,1,0.999164578,1,0.998737374,0.99963925,1,1,1,1,1,1
3600,1,1,1,1,1,1,1,1,1,1,1,1,1,1,1,1,1,1,1,1,1,1,1,1,1,1,1,1,1,1,1,1,1,1,1,1,1,1,1,1,1,1,1,1,1,1,1,1,1,1,1,1,1,1,1,1,1,1,1,1,1,1,1,1,1,1,1,1,1,1,1,1,1,1,1,1,1,1,1,1,1,1,1,1,1,1,1,1,1,1,1,1,1,1,1,1,1,1,1,1,1,1,1,1,1,1,1,1,1,1,1,1,1,1,1,1,1,1,1,1,1,1,1,1,1,1,1,1,1,1,1,1,1,1,1,1,1,1,1,1,1,1,1,1,1,1,1,1,1,1,1,1,1,1,1,1,1,1,1,1,1,1,1,1,1,1,1,1,1,1,1,1,1,1,1,1,1,1,1,1,1,1,1,1,1,1,1,1,1,1,1,1,1,1,1,1,1,1,1,1,1,1,1,1,1,1,1,1,1,1,1,1,1,1,1,1,1,1,1,1,1,1,1,1,1,1,1,1,1,1,1,1,1,1,1,1,1,1,1,1,1,1,1,1,1,1,1,1,1,1,1,1,1,1,1,1,1,1,1,1,1,1,1,1,1,1,1,1,1,1,1,1,1,1,1,1,1,1,1,1,1,1,1,1,1,1,1,1,1,1,1,1,1,1,1,0.999581239,1,1,0.99968593,1,1,1,1,1,1,1,1,1,1,1,1,1,1,1,1,1,1,1,1,1,1,1,1,1,1,1,0.998329156,1,1,1,1,1,1,1,1,1,1,1,1,1
3700,1,1,1,1,1,1,1,1,1,1,1,1,1,1,1,1,1,1,1,1,1,1,1,1,1,1,1,1,1,1,1,1,1,1,1,1,1,1,1,1,1,1,1,1,1,1,1,1,1,1,1,1,1,1,1,1,1,1,1,1,1,1,1,1,1,1,1,1,1,1,1,1,1,1,1,1,1,1,1,1,1,1,1,1,1,1,1,1,1,1,1,1,1,1,1,1,1,1,1,1,1,1,1,1,1,1,1,1,1,1,1,1,1,1,1,1,1,1,1,1,1,1,1,1,1,1,1,1,1,1,1,1,1,1,1,1,1,1,1,1,1,1,1,1,1,1,1,1,1,1,1,1,1,1,1,1,1,1,1,1,1,1,1,1,1,1,1,1,1,1,1,1,1,1,1,1,1,1,1,1,1,1,1,1,1,1,1,1,1,1,1,1,1,1,1,1,1,1,1,1,1,1,1,1,1,1,1,1,1,1,1,1,1,1,1,1,1,1,1,1,1,1,1,1,1,1,1,1,1,1,1,1,1,1,1,1,1,1,1,1,1,1,1,1,1,1,1,1,1,1,1,1,1,1,1,1,1,1,1,1,1,1,1,1,1,1,1,1,1,1,1,1,1,1,1,1,1,1,1,1,1,1,1,1,1,1,1,1,1,1,1,1,1,1,1,1,1,1,1,1,1,1,1,1,1,1,1,1,1,1,1,1,1,1,1,1,1,1,1,1,1,1,1,1,1,1,1,1,1,1,1,1,1,1,1,1,1,1,1,1
3800,1,1,1,1,1,1,1,1,1,1,1,1,1,1,1,1,1,1,1,1,1,1,1,1,1,1,1,1,1,1,1,1,1,1,1,1,1,1,1,1,1,1,1,1,1,1,1,1,1,1,1,1,1,1,1,1,1,1,1,1,1,1,1,1,1,1,1,1,1,1,1,1,1,1,1,1,1,1,1,1,1,1,1,1,1,1,1,1,1,1,1,1,1,1,1,1,1,1,1,1,1,1,1,1,1,1,1,1,1,1,1,1,1,1,1,1,1,1,1,1,1,1,1,1,1,1,1,1,1,1,1,1,1,1,1,1,1,1,1,1,1,1,1,1,1,1,1,1,1,1,1,1,1,1,1,1,1,1,1,1,1,1,1,1,1,1,1,1,1,1,1,1,1,1,1,1,1,1,1,1,1,1,1,1,1,1,1,1,1,1,1,1,1,1,1,1,1,1,1,1,1,1,1,1,1,1,1,1,1,1,1,1,1,1,1,1,1,1,1,1,1,1,1,1,1,1,1,1,1,1,1,1,1,1,1,1,1,1,1,1,1,1,1,1,1,1,1,1,1,1,1,1,1,1,1,1,1,1,1,1,1,1,1,1,1,1,1,1,1,1,1,1,1,1,1,1,1,1,1,1,1,1,1,1,1,1,1,1,1,1,1,1,1,1,1,1,1,1,1,1,1,1,1,1,1,1,1,1,1,1,1,1,1,1,1,1,1,1,1,1,1,1,1,1,1,1,1,1,1,1,1,1,1,1,1,1,1,1,1,1
3900,1,1,1,1,1,1,1,1,1,1,1,1,1,1,1,1,1,1,1,1,1,1,1,1,1,1,1,1,1,1,1,1,1,1,1,1,1,1,1,1,1,1,1,1,1,1,1,1,1,1,1,1,1,1,1,1,1,1,1,1,1,1,1,1,1,1,1,1,1,1,1,1,1,1,1,1,1,1,1,1,1,1,1,1,1,1,1,1,1,1,1,1,1,1,1,1,1,1,1,1,1,1,1,1,1,1,1,1,1,1,1,1,1,1,1,1,1,1,1,1,1,1,1,1,1,1,1,1,1,1,1,1,1,1,1,1,1,1,1,1,1,1,1,1,1,1,1,1,1,1,1,1,1,1,1,1,1,1,1,1,1,1,1,1,1,1,1,1,1,1,1,1,1,1,1,1,1,1,1,1,1,1,1,1,1,1,1,1,1,1,1,1,1,1,1,1,1,1,1,1,1,1,1,1,1,1,1,1,1,1,1,1,1,1,1,1,1,1,1,1,1,1,1,1,1,1,1,1,1,1,1,1,1,1,1,1,1,1,1,1,1,1,1,1,1,1,1,1,1,1,1,1,1,1,1,1,1,1,1,1,1,1,1,1,1,1,1,1,1,1,1,1,1,1,1,1,1,1,1,1,1,1,1,1,1,1,1,1,1,1,1,1,1,1,1,1,1,1,1,1,1,1,1,1,1,1,1,1,1,1,1,1,1,1,1,1,1,1,1,1,1,1,1,1,1,1,1,1,1,1,1,1,1,1,1,1,1,1,1,1
