"#Time along first column, position along first row. ",,,,,,,,,,,,,,,,,,,,,,,,,,,,,,,,,,,,,,,,,,,,,,,,,,,,,,,,,,,,,,,,,,,,,,,,,,,,,,,,,,,,,,,,,,,,,,,,,,,,,,,,,,,,,,,,,,,,,,,,,,,,,,,,,,,,,,,,,,,,,,,,,,,,,,,,,,,,,,,,,,,,,,,,,,,,,,,,,,,,,,,,,,,,,,,,,,,,,,,,,,,,,,,,,,,,,,,,,,,,,,,,,,,,,,,,,,,,,,,,,,,,,,,,,,,,,,,,,,,,,,,,,,,,,,,,,,,,,,,,,,,,,,,,,,,,,,,,,,,,,,,,,,,,,,,,,,,,,,,,,,,,,,,,,,,,,,,,,,,,,,,,,,,,,,,
Time (day)\Position (micrometers),0,30,60,90,120,150,180,210,240,270,300,330,360,390,420,450,480,510,540,570,600,630,660,690,720,750,780,810,840,870,900,930,960,990,1020,1050,1080,1110,1140,1170,1200,1230,1260,1290,1320,1350,1380,1410,1440,1470,1500,1530,1560,1590,1620,1650,1680,1710,1740,1770,1800,1830,1860,1890,1920,1950,1980,2010,2040,2070,2100,2130,2160,2190,2220,2250,2280,2310,2340,2370,2400,2430,2460,2490,2520,2550,2580,2610,2640,2670,2700,2730,2760,2790,2820,2850,2880,2910,2940,2970,3000,3030,3060,3090,3120,3150,3180,3210,3240,3270,3300,3330,3360,3390,3420,3450,3480,3510,3540,3570,3600,3630,3660,3690,3720,3750,3780,3810,3840,3870,3900,3930,3960,3990,4020,4050,4080,4110,4140,4170,4200,4230,4260,4290,4320,4350,4380,4410,4440,4470,4500,4530,4560,4590,4620,4650,4680,4710,4740,4770,4800,4830,4860,4890,4920,4950,4980,5010,5040,5070,5100,5130,5160,5190,5220,5250,5280,5310,5340,5370,5400,5430,5460,5490,5520,5550,5580,5610,5640,5670,5700,5730,5760,5790,5820,5850,5880,5910,5940,5970,6000,6030,6060,6090,6120,6150,6180,6210,6240,6270,6300,6330,6360,6390,6420,6450,6480,6510,6540,6570,6600,6630,6660,6690,6720,6750,6780,6810,6840,6870,6900,6930,6960,6990,7020,7050,7080,7110,7140,7170,7200,7230,7260,7290,7320,7350,7380,7410,7440,7470,7500,7530,7560,7590,7620,7650,7680,7710,7740,7770,7800,7830,7860,7890,7920,7950,7980,8010,8040,8070,8100,8130,8160,8190,8220,8250,8280,8310,8340,8370,8400,8430,8460,8490,8520,8550,8580,8610,8640,8670,8700,8730,8760,8790,8820,8850,8880,8910,8940,8970,9000,9030,9060,9090,9120,9150,9180,9210,9240,9270,9300,9330,9360,9390,9420,9450,9480,9510,9540,9570,9600,9630,9660,9690,9720,9750,9780,9810,9840,9870,9900,9930,9960,9990,10020,10050,10080,10110,10140,10170,10200,10230,10260,10290,10320,10350,10380,10410,10440,10470,10500
0,1,1,1,1,1,1,1,1,1,1,1,1,1,1,1,1,1,1,1,1,1,0.999583333,0.999642857,0.999583333,0.998782051,0.999772727,0.999305556,0.999392857,0.999166667,0.9996875,0.998785714,0.9985,0.998809524,0.9996875,0.997972222,0.997931548,0.999027778,0.996644571,0.997390873,0.996626985,0.99527877,0.995087302,0.996899802,0.994200397,0.995734127,0.98921122,0.987698232,0.989631945,0.982870761,0.980008749,0.977578373,0.974172619,0.972078283,0.965240981,0.962988907,0.957594607,0.952479618,0.945755418,0.940504662,0.928690116,0.912731152,0.901751985,0.895228536,0.883754871,0.866855464,0.856279987,0.840491269,0.820055286,0.81211968,0.797406206,0.783567822,0.765310877,0.741558115,0.71832906,0.698206531,0.686567794,0.664506947,0.633522187,0.616325849,0.589763292,0.576456342,0.541189304,0.524980916,0.479864213,0.464967984,0.433913872,0.397590638,0.378433076,0.354023457,0.338879905,0.293156385,0.269743868,0.249073413,0.220703845,0.200508839,0.179265339,0.162919553,0.146837302,0.124394785,0.109056549,0.103600199,0.088769931,0.072330267,0.064872656,0.053140874,0.048417659,0.040182539,0.032148809,0.027899802,0.026751984,0.025334169,0.02423512,0.02009127,0.017522907,0.019643849,0.012949405,0.011605159,0.012567461,0.012767857,0.005391865,0.005833333,0.004151786,0.003769841,0.0015625,0.002428571,0.001428571,0.000982143,0.002479167,0.001607143,0.000357143,0,0,0,0,0,0,0,0,0,0,0,0,0,0,0,0,0,0,0,0,0,0,0,0,0,0,0,0,0,0,0,0,0,0,0,0,0,0,0,0,0,0,0,0,0,0,0,0,0,0,0,0,0,0,0,0,0,0,0,0,0,0,0,0,0,0,0,0,0,0,0,0,0,0,0,0,0,0,0,0,0,0,0,0,0,0,0,0,0,0,0,0,0,0,0,0,0,0,0,0,0,0,0,0,0,0,0,0,0,0,0,0,0,0,0,0,0,0,0,0,0,0,0,0,0,0,0,0,0,0,0,0,0,0,0,0,0,0,0,0,0,0,0,0,0,0,0,0,0,0,0,0,0,0,0,0,0,0,0,0,0,0,0,0,0,0,0,0,0,0,0,0,0,0,0,0,0,0,0,0,0,0,0,0,0,0,0,0,0,0,0,0,0,0,0,0,0,0,0,0,0,0,0,0,0,0,0,0,0,0,0,0,0,0,0,0,0,0,0,0,0
1,1,1,1,1,1,1,1,1,1,1,1,1,1,1,1,1,1,1,1,1,1,1,1,1,1,1,1,0.999807692,0.999166667,1,1,1,1,1,0.999642857,1,1,1,1,0.999642857,1,0.999642857,0.999059829,0.999166667,0.999027778,0.999226191,0.999226191,0.99811508,0.998244048,0.998055556,0.996188492,0.997122024,0.993977183,0.990893849,0.990238096,0.990992064,0.988888889,0.985890873,0.984549394,0.980959325,0.979894751,0.975931368,0.970935516,0.961960047,0.958439485,0.955745199,0.95156121,0.946101823,0.933087392,0.923407648,0.926598305,0.92515864,0.90876194,0.898088113,0.88380258,0.876119499,0.86705754,0.849419283,0.847685966,0.837135642,0.819695889,0.802597591,0.790132396,0.768897463,0.74785561,0.734548431,0.717920067,0.689598755,0.67873535,0.659274622,0.620487347,0.597782197,0.566903111,0.546756585,0.510519295,0.493893697,0.468961859,0.449271646,0.42291342,0.394558713,0.374935579,0.350202923,0.324655485,0.294467893,0.274243868,0.252633839,0.239380141,0.221992778,0.191508839,0.177929563,0.166305195,0.143387897,0.121065386,0.098521554,0.080965492,0.069796627,0.059068362,0.057196428,0.048607593,0.044497295,0.038714556,0.036153409,0.029991072,0.025124008,0.022479167,0.020907738,0.017782738,0.014288691,0.011617064,0.008916667,0.0078125,0.007222222,0.006645833,0.006714286,0.005357143,0.004563492,0.006789702,0.004519231,0.003377976,0.004166667,0.002916667,0.001904762,0.00125,0.002083333,0.001428572,0.001388889,0,0,0.0005,0.000416667,0,0,0,0,0,0,0,0,0,0,0,0,0,0,0,0,0,0,0,0,0,0,0,0,0,0,0,0,0,0,0,0,0,0,0,0,0,0,0,0,0,0,0,0,0,0,0,0,0,0,0,0,0,0,0,0,0,0,0,0,0,0,0,0,0,0,0,0,0,0,0,0,0,0,0,0,0,0,0,0,0,0,0,0,0,0,0,0,0,0,0,0,0,0,0,0,0,0,0,0,0,0,0,0,0,0,0,0,0,0,0,0,0,0,0,0,0,0,0,0,0,0,0,0,0,0,0,0,0,0,0,0,0,0,0,0,0,0,0,0,0,0,0,0,0,0,0,0,0,0,0,0,0,0,0,0,0,0,0,0,0,0,0,0,0,0,0,0,0,0,0,0,0,0,0,0,0,0,0,0,0,0,0,0,0,0,0,0,0,0,0,0,0,0,0,0,0,0,0,0,0
2,1,1,1,1,1,1,1,1,1,1,1,1,1,1,1,1,1,1,1,1,1,1,1,1,1,1,1,1,1,1,1,1,1,1,1,1,1,1,1,1,1,1,1,1,0.999583333,0.999722222,1,1,1,1,0.9996875,0.999375,0.999583333,0.999166667,0.997916667,0.997785714,0.999097222,0.998785714,0.99925,0.996916667,0.996294643,0.9974375,0.992531566,0.993306548,0.99349008,0.991513799,0.991542659,0.989488095,0.982527778,0.986306548,0.975800325,0.976102634,0.979487104,0.974054383,0.971320076,0.965656656,0.965881855,0.959048611,0.953392857,0.940638889,0.939073413,0.926647457,0.921082162,0.920022818,0.921259831,0.896204095,0.893221598,0.882164502,0.867121753,0.86149504,0.843433872,0.835075396,0.817521556,0.793532621,0.778350741,0.768205086,0.757124009,0.733336144,0.710822331,0.699834923,0.675044477,0.650157559,0.631817676,0.623347258,0.587372583,0.566087934,0.545645751,0.524963294,0.498626353,0.470389714,0.433902687,0.413104166,0.394553598,0.366160715,0.343739629,0.312007666,0.290570977,0.26567545,0.236386905,0.221546627,0.197631084,0.17616856,0.168919914,0.148308983,0.12501903,0.116555555,0.09070048,0.076779762,0.080089286,0.062337607,0.055323684,0.047219246,0.039529492,0.038832342,0.035390873,0.024122024,0.022979167,0.025236111,0.021622024,0.021645834,0.016973214,0.017247295,0.01481746,0.013348214,0.011315476,0.01124504,0.010357143,0.009797619,0.006230159,0.004434524,0.0055,0.004007937,0.003833333,0.002,0.002449495,0.0025,0.0025,0.001651786,0.0005,0,0,0,0,0,0,0,0,0,0,0,0,0,0,0,0,0,0,0,0,0,0,0,0,0,0,0,0,0,0,0,0,0,0,0,0,0,0,0,0,0,0,0,0,0,0,0,0,0,0,0,0,0,0,0,0,0,0,0,0,0,0,0,0,0,0,0,0,0,0,0,0,0,0,0,0,0,0,0,0,0,0,0,0,0,0,0,0,0,0,0,0,0,0,0,0,0,0,0,0,0,0,0,0,0,0,0,0,0,0,0,0,0,0,0,0,0,0,0,0,0,0,0,0,0,0,0,0,0,0,0,0,0,0,0,0,0,0,0,0,0,0,0,0,0,0,0,0,0,0,0,0,0,0,0,0,0,0,0,0,0,0,0,0,0,0,0,0,0,0,0,0,0,0,0,0,0,0,0,0,0,0,0,0,0,0,0,0,0,0,0,0
3,1,1,1,1,1,1,1,1,1,1,1,1,1,1,1,1,1,1,1,1,1,1,1,1,1,1,1,1,1,1,1,1,1,1,1,1,1,1,1,1,1,1,1,1,1,1,1,1,1,1,0.999642857,1,1,1,1,1,1,1,1,1,0.999583333,0.999642857,0.999270833,0.998830357,1,0.999529915,1,1,0.997190476,0.996607143,0.996641865,0.995472222,0.993876984,0.99209109,0.991936508,0.990116072,0.992037158,0.989254961,0.989235119,0.988306548,0.985542478,0.981896735,0.978014881,0.977465097,0.97456701,0.973225199,0.968685246,0.965059524,0.963747927,0.959423161,0.944265783,0.94775,0.935040315,0.928338925,0.929684524,0.917388619,0.91090341,0.901446803,0.894334326,0.88288309,0.88141304,0.865256675,0.85644706,0.842010074,0.827965972,0.801917117,0.784556908,0.775074496,0.753037554,0.753245581,0.711480069,0.689370852,0.686750993,0.661107116,0.645101822,0.620696159,0.596881375,0.570452236,0.544795636,0.542031205,0.508558982,0.48550897,0.448612916,0.434540947,0.407729383,0.397135746,0.358010462,0.336823412,0.304325918,0.293931582,0.259345329,0.24587906,0.213015874,0.202195075,0.178987103,0.158102183,0.135284542,0.123837391,0.109933615,0.087037699,0.078042658,0.066475739,0.062855159,0.058990801,0.058050595,0.054920635,0.044059523,0.038903589,0.03340846,0.027345238,0.023495401,0.019549604,0.022311689,0.017734488,0.013573864,0.012631854,0.009517857,0.008020833,0.008645833,0.007330357,0.006238095,0.008583333,0.006701389,0.006116072,0.005404762,0.003125,0.004434524,0.004357143,0.002976191,0.002625,0.003392857,0.0035,0.004642857,0.003809524,0.0035,0.003095238,0.002083333,0.003125,0.002569445,0.001928571,0.0015,0.00075,0,0.0005,0,0,0,0,0,0,0,0,0,0,0,0,0,0,0,0,0,0,0,0,0,0,0,0,0,0,0,0,0,0,0,0,0,0,0,0,0,0,0,0,0,0,0,0,0,0,0,0,0,0,0,0,0,0,0,0,0,0,0,0,0,0,0,0,0,0,0,0,0,0,0,0,0,0,0,0,0,0,0,0,0,0,0,0,0,0,0,0,0,0,0,0,0,0,0,0,0,0,0,0,0,0,0,0,0,0,0,0,0,0,0,0,0,0,0,0,0,0,0,0,0,0,0,0,0,0,0,0,0,0,0,0,0,0,0,0,0,0,0,0,0,0,0,0,0,0,0,0,0,0,0,0,0,0,0,0,0,0,0,0,0,0,0,0,0,0,0
4,1,1,1,1,1,1,1,1,1,1,1,1,1,1,1,1,1,1,1,1,1,1,1,1,1,1,1,1,1,1,1,1,1,1,1,1,1,1,1,1,1,1,1,1,1,1,1,1,1,1,1,1,1,1,1,1,1,1,1,1,1,1,1,1,1,1,1,1,1,0.999285715,0.999642857,0.9996875,0.999642857,0.998194445,0.997869048,0.999232955,0.997712302,0.999226191,0.996622024,0.998116072,0.9990625,0.998288691,0.998263889,0.994597222,0.996215278,0.994115079,0.992821429,0.990654762,0.99243254,0.992222222,0.991672619,0.985032648,0.987104167,0.985173382,0.984065477,0.983220239,0.981511724,0.971871934,0.96854338,0.962828644,0.956786707,0.956681277,0.944165134,0.9407647,0.937246303,0.925817829,0.919033731,0.916812952,0.905634921,0.895993056,0.895833333,0.878520001,0.870964806,0.862072421,0.848323608,0.829425596,0.812131315,0.79996149,0.794800055,0.779459305,0.757494498,0.748480825,0.733770265,0.701822242,0.689310967,0.684463113,0.6589921,0.620377616,0.607941019,0.58232197,0.569020563,0.541879962,0.513852183,0.501175595,0.468462844,0.446154402,0.416436869,0.411424964,0.383623294,0.36225956,0.336061688,0.310226731,0.279801588,0.261252977,0.241021985,0.214849295,0.202340638,0.18141324,0.171184613,0.150017678,0.133872475,0.12797601,0.116219246,0.099912698,0.08649973,0.073214647,0.064120942,0.05894391,0.054477092,0.048065476,0.043883381,0.036235119,0.026068452,0.029640873,0.024429563,0.016993056,0.013345238,0.011702381,0.0085,0.0076875,0.0075,0.005347222,0.0059375,0.005625,0.0046875,0.004583333,0.00375,0.004583333,0.004226191,0.004166667,0.003474026,0.004642857,0.005,0.004027778,0.004,0.004642857,0.003333333,0.003480925,0.003875,0.003154762,0.001944445,0.001785714,0.001666667,0.003166667,0.002222222,0.000416667,0,0,0,0.000625,0,0,0,0,0,0,0,0,0,0,0,0,0,0,0,0,0,0,0,0,0,0,0,0,0,0,0,0,0,0,0,0,0,0,0,0,0,0,0,0,0,0,0,0,0,0,0,0,0,0,0,0,0,0,0,0,0,0,0,0,0,0,0,0,0,0,0,0,0,0,0,0,0,0,0,0,0,0,0,0,0,0,0,0,0,0,0,0,0,0,0,0,0,0,0,0,0,0,0,0,0,0,0,0,0,0,0,0,0,0,0,0,0,0,0,0,0,0,0,0,0,0,0,0,0,0,0,0,0,0,0,0,0,0,0,0,0,0,0,0,0,0,0,0,0,0,0,0,0,0,0
5,1,1,1,1,1,1,1,1,1,1,1,1,1,1,1,1,1,1,1,1,1,1,1,1,1,1,1,1,1,1,1,1,1,1,1,1,1,1,1,1,1,1,1,1,1,1,1,1,1,1,1,1,1,1,1,1,1,1,1,1,1,1,1,1,1,1,1,1,0.998571429,0.998333333,0.999,0.99875,0.999305556,0.999166667,0.999444445,0.999409722,0.998541667,0.999166667,0.9985,0.997916667,1,1,0.999772727,1,0.9995,0.999791667,0.9996875,0.999583333,1,0.999131945,0.998642857,0.998666667,0.9976875,0.998583333,0.998998918,0.9984375,0.996340278,0.996666667,0.997767857,0.995654762,0.991241883,0.993436418,0.988362103,0.987799604,0.986087121,0.984994048,0.980488006,0.97522601,0.969830358,0.967231151,0.964643759,0.954599117,0.948165494,0.94030736,0.938448954,0.937317371,0.934075827,0.924164683,0.913031656,0.909258606,0.890915217,0.885109127,0.874974428,0.872999278,0.869378884,0.85805515,0.849404554,0.832699586,0.817342172,0.824658822,0.788952604,0.78789199,0.758249987,0.73802508,0.714507097,0.701008582,0.678397401,0.656685765,0.634960047,0.612532738,0.600893489,0.573146527,0.552900204,0.520700862,0.497223125,0.475967172,0.455130231,0.432402778,0.414813945,0.3932773,0.376059559,0.365140818,0.340103598,0.318757395,0.297221231,0.26891315,0.257756674,0.225914239,0.206669643,0.181713203,0.168916306,0.163943148,0.152216811,0.142228626,0.127881042,0.110993972,0.103201757,0.089094246,0.073727182,0.071230464,0.060354167,0.054872024,0.048,0.038744589,0.0332299,0.029298611,0.024795635,0.026482143,0.020135657,0.017515873,0.017053572,0.013196429,0.011108225,0.012916667,0.010400794,0.00827381,0.007627976,0.00725,0.0078125,0.007727273,0.0065625,0.006166667,0.005595238,0.0044375,0.003973214,0.0035,0.004166667,0.004166667,0.002,0.0025,0.002916667,0.0025,0.001944445,0.001785714,0.000625,0.0015625,0.0025,0.001785714,0.000277778,0.000714286,0.001666667,0.002083333,0.001,0.001,0,0.000416667,0,0,0,0,0,0,0,0,0,0,0,0,0,0,0,0,0,0,0,0,0,0,0,0,0,0,0,0,0,0,0,0,0,0,0,0,0,0,0,0,0,0,0,0,0,0,0,0,0,0,0,0,0,0,0,0,0,0,0,0,0,0,0,0,0,0,0,0,0,0,0,0,0,0,0,0,0,0,0,0,0,0,0,0,0,0,0,0,0,0,0,0,0,0,0,0,0,0,0,0,0,0,0,0,0,0,0,0,0,0,0,0,0,0,0,0,0,0,0,0,0,0,0,0,0,0,0,0,0,0,0,0,0,0,0
6,1,1,1,1,1,1,1,1,1,1,1,1,1,1,1,1,1,1,1,1,1,1,1,1,1,1,1,1,1,1,1,1,1,1,1,1,1,1,1,1,1,1,1,1,1,1,1,1,1,1,1,1,1,1,1,1,1,1,1,1,1,1,1,1,1,1,1,1,1,0.999772727,1,0.9996875,0.999722222,0.999375,0.999642857,1,0.9996875,1,0.999642857,1,1,1,1,1,1,1,1,1,1,1,1,1,1,0.999583333,1,1,0.9990625,0.9975,0.997585227,0.997428572,0.9985,0.998420635,0.999226191,0.997663691,0.997785714,0.998837302,0.99925,0.996982639,0.999,0.996604167,0.994627137,0.995433504,0.992316469,0.993547529,0.991446429,0.984665585,0.982029762,0.977287165,0.979273539,0.981746032,0.975625,0.969356637,0.965517496,0.95750974,0.959201209,0.95119237,0.944239719,0.944192461,0.940524087,0.929410819,0.922073413,0.912757937,0.899948052,0.893681853,0.878726102,0.866927219,0.8507611,0.84600084,0.834249008,0.813837934,0.802683984,0.783741883,0.772613339,0.763116883,0.736245672,0.726808892,0.71634628,0.683731918,0.67761066,0.659340277,0.63872352,0.620645292,0.588463266,0.576554293,0.565411075,0.53368818,0.517379433,0.499032016,0.486097043,0.449453408,0.434135011,0.402250812,0.377205455,0.367723936,0.350382847,0.332248918,0.320686869,0.30478289,0.285492515,0.252048259,0.229863546,0.214495061,0.198498647,0.189162428,0.1814375,0.164564123,0.145071608,0.127845779,0.117215014,0.101031927,0.093875,0.082005953,0.07455303,0.066809524,0.059911526,0.049798612,0.042625902,0.036797619,0.034759921,0.028714286,0.025547619,0.021260913,0.018571429,0.014208334,0.013583334,0.009914773,0.011428571,0.010571429,0.008839286,0.009583334,0.008026696,0.00925,0.007916667,0.006291667,0.006833333,0.005833333,0.0056875,0.006178572,0.005571429,0.005083333,0.003333333,0.0026875,0.003333333,0.002604167,0.0025,0.001,0.002083333,0.001875,0.0025,0.002222222,0.0025,0.001785714,0.000833333,0.001666667,0.00125,0.0015625,0.001,0.0005,0.00125,0.0021875,0.002083333,0.002083333,0.001,0.0005,0,0.000277778,0,0,0,0,0,0,0,0,0,0,0,0,0,0,0,0,0,0,0,0,0,0,0,0,0,0,0,0,0,0,0,0,0,0,0,0,0,0,0,0,0,0,0,0,0,0,0,0,0,0,0,0,0,0,0,0,0,0,0,0,0,0,0,0,0,0,0,0,0,0,0,0,0,0,0,0,0,0,0,0,0,0,0,0,0,0,0,0,0,0,0,0,0,0,0,0,0,0,0,0,0,0,0,0,0,0,0,0,0,0,0,0,0,0,0
7,1,1,1,1,1,1,1,1,1,1,1,1,1,1,1,1,1,1,1,1,1,1,1,1,1,1,1,1,1,1,1,1,1,1,1,1,1,1,1,1,1,1,1,1,1,1,1,1,1,1,1,1,1,1,1,1,1,1,1,1,1,1,1,1,1,1,1,1,1,1,1,1,1,1,1,1,1,1,1,1,1,0.99975,1,0.999,0.9995,1,1,0.999,1,0.9996875,0.999444445,1,0.999772727,0.997,0.999285714,0.9996875,0.997678572,0.999,0.998928572,1,0.999375,0.999722222,1,1,1,1,1,1,1,1,0.999392857,0.998770833,0.999226191,0.996230159,0.998743056,0.998948413,0.996972222,0.998556548,0.998308442,0.993244048,0.995684524,0.993009921,0.997189394,0.994434524,0.994323413,0.993650794,0.992561508,0.994576299,0.991314484,0.984129961,0.985877977,0.977276786,0.975873737,0.972396645,0.969533793,0.964809704,0.963856151,0.953284722,0.939095599,0.935950398,0.931233947,0.918348305,0.908737325,0.896536526,0.89096131,0.891380052,0.885109037,0.871405067,0.853520264,0.851595974,0.833603238,0.811861201,0.808043289,0.781591812,0.77148079,0.747752797,0.736305021,0.72184236,0.71614394,0.695431888,0.676790135,0.665064484,0.641674875,0.626895834,0.604049347,0.600195346,0.563771589,0.555957251,0.530443349,0.522722085,0.495614755,0.47639863,0.450553607,0.434560336,0.40805165,0.376137447,0.367146825,0.34392785,0.330758839,0.317383318,0.291402687,0.276246906,0.262281295,0.238757937,0.217530789,0.199265242,0.187949919,0.172160803,0.148267812,0.130263438,0.121132305,0.112229978,0.105705176,0.092277507,0.078667208,0.076239088,0.062417659,0.053603445,0.049995039,0.042268849,0.034980159,0.032266865,0.025806548,0.022690476,0.019665585,0.021311147,0.018333333,0.017294643,0.017488095,0.012993056,0.011670635,0.010699405,0.01077877,0.0093125,0.011723215,0.010041667,0.008520833,0.011041667,0.0085,0.00875,0.006722222,0.005642857,0.004854167,0.003733766,0.005,0.005535714,0.004270833,0.004,0.003,0.003,0.001727273,0.002142857,0.0025,0.0025,0.002506266,0.00225,0.0025,0.0025,0.002083333,0.0015,0.0025,0.002227792,0.001785714,0.000833333,0.00175,0.002083333,0.001666667,0.002192982,0.001428572,0.00125,0.00125,0,0,0.0005,0,0,0,0,0,0,0,0,0,0,0,0,0,0,0,0,0,0,0,0,0,0,0,0,0,0,0,0,0,0,0,0,0,0,0,0,0,0,0,0,0,0,0,0,0,0,0,0,0,0,0,0,0,0,0,0,0,0,0,0,0,0,0,0,0,0,0,0,0,0,0,0,0,0,0,0,0,0,0,0,0,0,0,0,0,0,0,0,0,0,0,0,0,0,0,0,0
8,1,1,1,1,1,1,1,1,1,1,1,1,1,1,1,1,1,1,1,1,1,1,1,1,1,1,1,1,1,1,1,1,1,1,1,1,1,1,1,1,1,1,1,1,1,1,1,1,1,1,1,1,1,1,1,1,1,1,1,1,1,1,1,1,1,1,1,1,1,1,1,1,1,1,1,1,1,1,1,1,1,1,1,1,1,1,1,1,1,1,1,1,1,1,1,1,1,1,1,1,1,1,1,1,1,1,1,1,1,1,1,1,1,1,1,1,0.99975,1,1,1,1,1,1,1,0.999583333,0.999305556,0.999375,0.997224359,0.996666667,0.996636905,0.995320437,0.994254961,0.990700307,0.991092172,0.988788691,0.990579365,0.99061653,0.989213925,0.985237915,0.985483198,0.985112103,0.983583604,0.983276786,0.978395202,0.97478346,0.968856062,0.965879157,0.963727786,0.951235932,0.953652599,0.946058233,0.942814109,0.927596952,0.923871033,0.920202111,0.922094399,0.906672592,0.89103089,0.866863997,0.855997989,0.846094877,0.834441199,0.817489178,0.813943542,0.79641838,0.793700306,0.763682901,0.750573864,0.735267858,0.723843526,0.698174852,0.687983136,0.678847042,0.660574315,0.645801962,0.630270897,0.607538483,0.603748828,0.583037428,0.563395114,0.537080358,0.512194987,0.499445437,0.461084958,0.452656567,0.432186597,0.417657468,0.387647458,0.358200307,0.335676677,0.313402966,0.294567464,0.279943092,0.263432541,0.245053212,0.23231241,0.223008297,0.209173611,0.188254961,0.173782739,0.158477182,0.143513709,0.133886364,0.12459587,0.104125,0.086725198,0.074162518,0.069739669,0.059899441,0.06065873,0.057835859,0.049836309,0.052690476,0.043803571,0.037983135,0.030440476,0.032235119,0.028907738,0.02284127,0.024383929,0.018563492,0.019134921,0.018717033,0.016516484,0.013108135,0.012190476,0.011741072,0.011306548,0.009122024,0.008333333,0.0064375,0.0065,0.007127976,0.007190476,0.005416667,0.003645833,0.004,0.005,0.00375,0.003,0.0025,0.002857143,0.0034375,0.004642857,0.0045,0.0025,0.003055556,0.002916667,0.0021875,0.002142857,0.00375,0.002583333,0.003392857,0.0025,0.0025,0.0025,0.002,0.001666667,0.0025,0.001785714,0.002,0.0025,0.0005,0.000416667,0,0.000833333,0,0,0,0,0,0,0,0,0,0,0,0,0,0,0,0,0,0,0,0,0,0,0,0,0,0,0,0,0,0,0,0,0,0,0,0,0,0,0,0,0,0,0,0,0,0,0,0,0,0,0,0,0,0,0,0,0,0,0,0,0,0,0,0,0,0,0,0,0,0,0,0,0,0,0,0,0,0,0,0,0,0,0,0,0
9,1,1,1,1,1,1,1,1,1,1,1,1,1,1,1,1,1,1,1,1,1,1,1,1,1,1,1,1,1,1,1,1,1,1,1,1,1,1,1,1,1,1,1,1,1,1,1,1,1,1,1,1,1,1,1,1,1,1,1,1,1,1,1,1,1,1,1,1,1,1,1,1,1,1,1,1,1,1,1,1,1,1,1,1,1,1,1,1,1,1,1,1,1,1,1,1,1,1,1,1,1,1,1,1,1,1,1,1,1,1,1,1,1,1,1,1,1,1,1,1,1,1,1,1,1,0.99975,1,0.999722222,1,0.999583333,0.999583333,1,1,0.999409722,0.999791667,0.999583333,0.998645834,0.998835227,0.996561966,0.99725,0.997821429,0.995763889,0.995729167,0.993,0.995416667,0.994841095,0.991788691,0.992083333,0.990425596,0.988580357,0.985035714,0.985068362,0.986171627,0.981212996,0.973948684,0.97277859,0.96693236,0.961658675,0.960183532,0.954041667,0.948997024,0.949651786,0.948705358,0.940490711,0.931286527,0.925863006,0.91621131,0.903385643,0.902270986,0.892739087,0.882689394,0.871179842,0.85647096,0.842705003,0.826433983,0.811722889,0.806428301,0.793652689,0.777154047,0.761216187,0.75019815,0.730174244,0.709893253,0.690647256,0.679556007,0.657073052,0.645538546,0.625327652,0.608569508,0.576677615,0.574234343,0.550400899,0.526476011,0.515003698,0.495242785,0.479276155,0.457613277,0.44860065,0.426305597,0.402036436,0.3681581,0.353705087,0.330572574,0.310282982,0.285397818,0.273682089,0.25178806,0.244837933,0.229007847,0.208782107,0.207089827,0.188902147,0.17521337,0.162354888,0.140847985,0.128465369,0.124370041,0.114203734,0.100305632,0.100246122,0.080875,0.073055285,0.067722222,0.058388889,0.050482142,0.051299603,0.043556638,0.042753434,0.038751083,0.038006945,0.029975198,0.030935155,0.023655663,0.018344968,0.01915873,0.020270833,0.013752976,0.012532738,0.012229167,0.008541667,0.008083333,0.009089105,0.009095238,0.008864087,0.008541667,0.00827381,0.006190476,0.006214286,0.005714286,0.004545455,0.005,0.005,0.004583333,0.0045,0.005,0.004166667,0.00375,0.004166667,0.0025,0.002916667,0.002916667,0.0026875,0.0015,0.002777778,0.0025,0.0025,0.0025,0.0025,0.002272727,0.001666667,0.002083333,0.0015,0.001428572,0.00125,0,0.000416667,0,0.0003125,0,0,0,0,0,0,0,0,0,0,0,0,0,0,0,0,0,0,0,0,0,0,0,0,0,0,0,0,0,0,0,0,0,0,0,0,0,0,0,0,0,0,0,0,0,0,0,0,0,0,0,0,0,0,0,0,0,0,0,0,0,0,0,0,0,0,0,0,0,0,0,0,0
10,1,1,1,1,1,1,1,1,1,1,1,1,1,1,1,1,1,1,1,1,1,1,1,1,1,1,1,1,1,1,1,1,1,1,1,1,1,1,1,1,1,1,1,1,1,1,1,1,1,1,1,1,1,1,1,1,1,1,1,1,1,1,1,1,1,1,1,1,1,1,1,1,1,1,1,1,1,1,1,1,1,1,1,1,1,1,1,1,1,1,1,1,1,1,1,1,1,1,1,1,1,1,1,1,1,1,1,1,1,1,1,1,1,1,1,1,1,1,1,1,1,1,1,1,1,1,1,1,1,1,0.999583333,1,0.9996875,0.999444445,0.998928572,0.999722222,0.9996875,1,0.999772727,1,0.998730159,0.99875,0.998973215,0.997916667,0.9990625,0.9996875,0.998142857,0.999392857,0.999125,0.999642857,0.99859127,0.998452381,0.997837302,0.996810516,0.994964286,0.993641865,0.994092262,0.989823413,0.991200397,0.992428572,0.988849207,0.989904762,0.986018489,0.98846627,0.984144841,0.977536616,0.977683476,0.971258839,0.969224567,0.973125993,0.964087211,0.954657863,0.956069445,0.948207108,0.941356151,0.94009614,0.941137897,0.924720871,0.91830258,0.907124924,0.897973575,0.889393399,0.87390368,0.867499009,0.857102183,0.847947872,0.831738019,0.820035174,0.808136815,0.786074045,0.773080989,0.760745221,0.745197331,0.726251803,0.712515784,0.689992966,0.678709936,0.659585316,0.64169652,0.614937951,0.602334631,0.586505682,0.568414413,0.546468359,0.541739899,0.521029943,0.493940754,0.465482685,0.439691429,0.422893308,0.40998016,0.403109578,0.373730249,0.351279175,0.316627977,0.308638154,0.294396292,0.27663943,0.274214918,0.246996844,0.22707967,0.215867175,0.202335137,0.189460588,0.163763584,0.163576701,0.148297801,0.146439123,0.130624459,0.122139853,0.109293561,0.102072601,0.092862103,0.080830356,0.080467262,0.073338294,0.062153761,0.057395834,0.055737102,0.046629329,0.039641866,0.033621032,0.031838744,0.028157738,0.023598214,0.024425595,0.024354167,0.017487013,0.0145,0.015322421,0.01422619,0.012430556,0.010714286,0.011428572,0.011075938,0.010166667,0.00941369,0.007901786,0.008847222,0.007872024,0.0078125,0.008065476,0.005916667,0.005428572,0.005625,0.005238095,0.006767857,0.0025,0.0035,0.0025,0.0040625,0.003125,0.002722222,0.001666667,0.001875,0.002916667,0.00125,0.00175,0.0025,0.0025,0.002142857,0.0025,0.001944445,0.0025,0.002083333,0.00125,0.000833333,0.001111111,0.0015,0.001785714,0.0025,0.001785714,0.001785714,0.000833333,0.000416667,0.0003125,0,0,0,0,0,0,0,0,0,0,0,0,0,0,0,0,0,0,0,0,0,0,0,0,0,0,0,0,0,0,0,0,0,0,0,0,0,0,0,0,0,0,0,0,0,0,0,0,0,0,0,0,0,0,0
11,1,1,1,1,1,1,1,1,1,1,1,1,1,1,1,1,1,1,1,1,1,1,1,1,1,1,1,1,1,1,1,1,1,1,1,1,1,1,1,1,1,1,1,1,1,1,1,1,1,1,1,1,1,1,1,1,1,1,1,1,1,1,1,1,1,1,1,1,1,1,1,1,1,1,1,1,1,1,1,1,1,1,1,1,1,1,1,1,1,1,1,1,1,1,1,1,1,1,1,1,1,1,1,1,1,1,1,1,1,1,1,1,1,1,1,1,1,1,1,1,1,1,1,1,1,1,1,1,1,1,1,1,1,1,1,1,1,1,1,1,1,1,1,1,1,1,1,1,1,1,1,1,0.9996875,0.998958333,0.999226191,0.997619048,0.999772727,0.9975,0.997666667,0.998348214,0.999017857,0.995818453,0.996595238,0.994724026,0.997625,0.996190476,0.993699404,0.995006945,0.993806548,0.994769841,0.99109118,0.983928571,0.985756854,0.986436508,0.980593948,0.984723575,0.981103175,0.976472222,0.97318254,0.976245491,0.978112104,0.972706169,0.965116072,0.960361112,0.961074835,0.950233316,0.942207162,0.93586012,0.929088906,0.917951271,0.911316829,0.906275704,0.88827551,0.884604799,0.887156747,0.874293831,0.857738096,0.856684919,0.836214557,0.826503878,0.820098215,0.799889403,0.781798133,0.76849823,0.741919102,0.740860931,0.715374911,0.69792758,0.683474303,0.66805439,0.649829365,0.640232324,0.615646464,0.600417659,0.584924515,0.562163961,0.542749098,0.521697421,0.500585839,0.483454636,0.454242695,0.431288961,0.421170094,0.414221951,0.38757349,0.367067753,0.35354431,0.332348485,0.306364268,0.29833144,0.280345238,0.26577408,0.242130862,0.239622787,0.223862464,0.204385073,0.201737797,0.182483045,0.173970239,0.154860118,0.154427489,0.136399802,0.125726191,0.120281746,0.109487013,0.102869047,0.090969245,0.084851731,0.062803121,0.058512897,0.052530754,0.046613095,0.048765874,0.036592262,0.037374999,0.034566469,0.025116072,0.020049603,0.020545635,0.018678572,0.017958333,0.018297619,0.015034903,0.012166667,0.013209325,0.012970238,0.011904762,0.011416666,0.010208333,0.009190476,0.010809524,0.011413691,0.009895833,0.0103125,0.010583333,0.009583333,0.008888889,0.007583333,0.008098846,0.007654762,0.0059375,0.005833333,0.006770833,0.004722222,0.003333333,0.0044375,0.004625,0.003125,0.0025,0.003,0.002916667,0.0025,0.0025,0.0025,0.0025,0.0025,0.0025,0.0025,0.0025,0.0025,0.001944445,0.001944445,0.0009375,0.002083333,0.001666667,0.000833333,0,0.000416667,0,0,0,0,0,0,0,0,0,0,0,0,0,0,0,0,0,0,0,0,0,0,0,0,0,0,0,0,0,0,0,0,0,0,0,0,0,0,0,0,0,0,0
12,1,1,1,1,1,1,1,1,1,1,1,1,1,1,1,1,1,1,1,1,1,1,1,1,1,1,1,1,1,1,1,1,1,1,1,1,1,1,1,1,1,1,1,1,1,1,1,1,1,1,1,1,1,1,1,1,1,1,1,1,1,1,1,1,1,1,1,1,1,1,1,1,1,1,1,1,1,1,1,1,1,1,1,1,1,1,1,1,1,1,1,1,1,1,1,1,1,1,1,1,1,1,1,1,1,1,1,1,1,1,1,1,1,1,1,1,1,1,1,1,1,1,1,1,1,1,1,1,1,1,1,1,1,1,1,1,1,1,1,1,1,1,1,1,1,1,0.999166667,1,0.999583333,0.9996875,1,0.999642857,0.999642857,0.999166667,1,0.999642857,1,1,0.999722222,1,1,1,0.999583333,0.998511905,0.999583333,0.999642857,0.999722222,0.99936508,0.997869048,0.997946429,0.997524802,0.998913691,0.9978125,0.996958333,0.998078283,0.995976191,0.993396825,0.995079365,0.993579275,0.9951489,0.990214286,0.989351857,0.990712302,0.989976191,0.988083333,0.986971231,0.983939484,0.984092262,0.983842172,0.978440476,0.98001801,0.979407919,0.974162158,0.970636787,0.965170635,0.961566739,0.952745103,0.946668651,0.944556008,0.931328436,0.93537491,0.924260553,0.91305448,0.912488096,0.900534632,0.894988727,0.881642858,0.873033099,0.857446339,0.853065539,0.842097132,0.827965548,0.814601823,0.787550616,0.783648179,0.762088418,0.741549965,0.724490052,0.707829276,0.690859488,0.679440476,0.654063437,0.663794192,0.636453285,0.624918804,0.612610578,0.599056221,0.571862999,0.555456711,0.530542387,0.522337753,0.506042931,0.487577472,0.461552399,0.451030907,0.427329366,0.406732866,0.397038725,0.361486924,0.359286075,0.332095481,0.310477947,0.297637897,0.270706259,0.252250181,0.24268254,0.233355971,0.217030754,0.202285804,0.193186481,0.182837123,0.161656567,0.162396374,0.146194569,0.14052877,0.127167658,0.106769841,0.105289683,0.094242216,0.084249008,0.076819083,0.066371032,0.067349568,0.060195888,0.050522817,0.052339286,0.043744048,0.048144841,0.043174784,0.039642857,0.034017677,0.03271131,0.027073413,0.022690477,0.023407738,0.021380952,0.015946429,0.014402778,0.011045455,0.011845238,0.011,0.010777778,0.011,0.010476191,0.011071429,0.0095,0.008611111,0.008392857,0.007875,0.005714286,0.005142857,0.005333333,0.006432749,0.006071429,0.0055,0.0025,0.003,0.003482143,0.0025,0.0025,0.0025,0.003,0.0025,0.002506266,0.0025,0.0025,0.0025,0.00125,0.0025,0.001785714,0.001666667,0.0021875,0.0025,0.0025,0.0025,0.001785714,0.0025,0.001875,0.00125,0.001,0.0005,0.0015,0.001666667,0.001111111,0.0005,0,0,0,0,0,0,0,0,0,0,0,0,0,0,0,0,0,0,0,0,0,0,0,0,0,0
13,1,1,1,1,1,1,1,1,1,1,1,1,1,1,1,1,1,1,1,1,1,1,1,1,1,1,1,1,1,1,1,1,1,1,1,1,1,1,1,1,1,1,1,1,1,1,1,1,1,1,1,1,1,1,1,1,1,1,1,1,1,1,1,1,1,1,1,1,1,1,1,1,1,1,1,1,1,1,1,1,1,1,1,1,1,1,1,1,1,1,1,1,1,1,1,1,1,1,1,1,1,1,1,1,1,1,1,1,1,1,1,1,1,1,1,1,1,1,1,1,1,1,1,1,1,1,1,1,1,1,1,1,1,1,1,1,1,1,1,1,1,1,1,1,1,1,1,1,1,1,1,1,1,1,1,1,1,1,1,1,1,1,1,1,1,1,1,1,1,1,1,0.9996875,0.999772727,1,1,0.999444445,1,0.9996875,1,0.998571429,0.999409722,0.9996875,0.998541667,0.999583333,0.998712121,0.997351191,0.995635198,0.994333333,0.9965,0.996517857,0.994340278,0.99398584,0.995095238,0.990265873,0.989888889,0.988606061,0.98767749,0.986561418,0.984611743,0.980462302,0.978651786,0.972657738,0.972521645,0.974731151,0.972298521,0.966720758,0.962407739,0.959896735,0.947262328,0.940934524,0.941238096,0.931451389,0.921807599,0.913950612,0.907899982,0.89613952,0.893415584,0.871938741,0.863151335,0.862419012,0.857693182,0.83695626,0.833189394,0.815764882,0.79827132,0.788215549,0.775526786,0.764616501,0.750178391,0.739002706,0.729924375,0.712030844,0.686917479,0.67732766,0.669685398,0.646734578,0.639371484,0.624797802,0.604237264,0.601568723,0.567748918,0.549533731,0.528292028,0.506647638,0.497524712,0.483703825,0.458465548,0.445761482,0.42710029,0.401357144,0.382741523,0.354107865,0.335016775,0.320974352,0.298488997,0.289342623,0.269755592,0.259417569,0.247997024,0.22861508,0.215908612,0.204490711,0.196510733,0.185183262,0.171728175,0.162407739,0.14985516,0.141496302,0.130090639,0.123316288,0.113809975,0.109209235,0.103282739,0.088910444,0.083006404,0.070050269,0.071258929,0.059883297,0.055286255,0.052044643,0.050095238,0.045294643,0.038892857,0.033006855,0.031364087,0.028083334,0.026720238,0.024723214,0.022436508,0.017568453,0.016160714,0.015895833,0.01325,0.014751984,0.012238095,0.01175,0.010785985,0.010785714,0.009375,0.00775,0.006833333,0.007222222,0.009093407,0.00875,0.0075,0.007083333,0.006909722,0.006666667,0.006875,0.003,0.006388889,0.005944445,0.005,0.0055,0.0040625,0.004,0.003125,0.0025,0.0025,0.0025,0.002272727,0.000625,0.0021875,0.0015,0.0021875,0,0,0.0005,0,0,0,0,0,0,0,0,0,0,0,0,0,0,0,0,0,0,0,0,0,0,0
14,1,1,1,1,1,1,1,1,1,1,1,1,1,1,1,1,1,1,1,1,1,1,1,1,1,1,1,1,1,1,1,1,1,1,1,1,1,1,1,1,1,1,1,1,1,1,1,1,1,1,1,1,1,1,1,1,1,1,1,1,1,1,1,1,1,1,1,1,1,1,1,1,1,1,1,1,1,1,1,1,1,1,1,1,1,1,1,1,1,1,1,1,1,1,1,1,1,1,1,1,1,1,1,1,1,1,1,1,1,1,1,1,1,1,1,1,1,1,1,1,1,1,1,1,1,1,1,1,1,1,1,1,1,1,1,1,1,1,1,1,1,1,1,1,1,1,1,1,1,1,1,1,1,1,1,1,1,1,1,1,1,1,1,1,1,1,1,1,1,1,1,1,1,1,1,1,1,1,1,1,1,0.999166667,1,0.999807692,1,1,0.999166667,0.99925,0.9985625,0.998616072,0.997008929,0.998258929,0.996892857,0.997976191,1,0.99609127,0.996333333,0.996174242,0.999222222,0.996369048,0.99464881,0.993789683,0.994231151,0.993799513,0.990992064,0.9898171,0.991175595,0.989154762,0.987788601,0.986588565,0.986353175,0.983350108,0.980566469,0.972238095,0.965520834,0.970429564,0.958142018,0.958174424,0.946875992,0.946334326,0.94105754,0.936771978,0.930716721,0.927753248,0.923645383,0.914511787,0.90644228,0.899045996,0.892208694,0.873838024,0.874784251,0.858589806,0.85780319,0.838054563,0.833010913,0.814596592,0.807566107,0.797399171,0.785447242,0.759203865,0.749062681,0.744883839,0.73536012,0.72239555,0.708658551,0.703487104,0.684945979,0.671872746,0.650149171,0.629381925,0.619498378,0.585013057,0.567598847,0.548047079,0.53478842,0.523991434,0.494404762,0.477603357,0.460355465,0.449951855,0.420041196,0.387425776,0.374875001,0.356535716,0.349389881,0.317394307,0.312131655,0.286888348,0.261409633,0.262339376,0.243722403,0.234097584,0.223397727,0.206089737,0.192358766,0.193935516,0.181222742,0.173443453,0.156030907,0.150184164,0.143317267,0.131910624,0.113684163,0.109404762,0.09891829,0.091564394,0.082305375,0.070003878,0.065998286,0.064020833,0.059258929,0.055300596,0.052544643,0.044130231,0.045297619,0.037952381,0.033190477,0.032407738,0.02683631,0.023580357,0.024692461,0.021486264,0.020651786,0.01509127,0.016884921,0.014309524,0.011642857,0.011131945,0.009285714,0.010625,0.009927885,0.010107143,0.009851191,0.008784722,0.007916667,0.007642857,0.007395833,0.006055556,0.005416667,0.005982143,0.006473214,0.004375,0.006,0.004166667,0.004880953,0.003,0.003,0.0025,0.001944445,0.002272727,0.001875,0.0015625,0.000357143,0,0,0,0,0,0,0,0,0,0,0,0,0,0,0,0,0,0
15,1,1,1,1,1,1,1,1,1,1,1,1,1,1,1,1,1,1,1,1,1,1,1,1,1,1,1,1,1,1,1,1,1,1,1,1,1,1,1,1,1,1,1,1,1,1,1,1,1,1,1,1,1,1,1,1,1,1,1,1,1,1,1,1,1,1,1,1,1,1,1,1,1,1,1,1,1,1,1,1,1,1,1,1,1,1,1,1,1,1,1,1,1,1,1,1,1,1,1,1,1,1,1,1,1,1,1,1,1,1,1,1,1,1,1,1,1,1,1,1,1,1,1,1,1,1,1,1,1,1,1,1,1,1,1,1,1,1,1,1,1,1,1,1,1,1,1,1,1,1,1,1,1,1,1,1,1,1,1,1,1,1,1,1,1,1,1,1,1,1,1,1,1,1,1,1,1,1,1,1,1,1,1,1,1,1,1,1,1,0.999722222,1,1,0.999,0.999642857,0.999583333,0.9980625,0.999305556,0.999330357,0.99975,0.999722222,0.998948413,0.999434524,0.9996875,1,0.998819445,0.999270833,0.996987013,0.995538691,0.997644994,0.999392857,0.9986875,0.9985,0.997113095,0.996450307,0.995645563,0.996651786,0.994819445,0.994142857,0.989492216,0.984074405,0.986415585,0.984756945,0.985742876,0.979166937,0.978235119,0.973741883,0.975021735,0.970560516,0.96442178,0.957130953,0.949435065,0.944790585,0.94175469,0.92671627,0.925662338,0.921222674,0.910594607,0.91029559,0.897481693,0.892772818,0.87845689,0.877694445,0.858661228,0.853033731,0.83485534,0.83524035,0.829829185,0.809992278,0.80201837,0.786919643,0.774162699,0.760632937,0.743385352,0.748803134,0.730794282,0.708522818,0.689053031,0.683277245,0.671773811,0.654477182,0.630142587,0.622431609,0.609466992,0.590647547,0.575293394,0.542387897,0.539486868,0.513801567,0.502274261,0.479915293,0.463412248,0.448841478,0.426998384,0.416234128,0.395761364,0.38227417,0.361912914,0.344960318,0.330507847,0.313471141,0.300161617,0.283977002,0.258493777,0.24597114,0.237910984,0.232152418,0.215700161,0.194799604,0.184804273,0.16794237,0.165718796,0.154922529,0.138707342,0.135247024,0.115681187,0.109796627,0.100556548,0.101822421,0.090045635,0.087336669,0.068019842,0.066273629,0.064183442,0.057409362,0.056886905,0.047565477,0.046027778,0.042539322,0.038480069,0.030428571,0.033265873,0.029652778,0.030358135,0.026705357,0.023960317,0.023298611,0.021934524,0.018056548,0.018088203,0.019409722,0.017332021,0.013873016,0.014854167,0.015178571,0.012854167,0.011363636,0.01168254,0.012043651,0.0076875,0.007702381,0.005916667,0.005416667,0.005875,0.006083333,0.0046875,0.004375,0.004035354,0.001833333,0.003095238,0.002,0.0025,0.002604167,0.002142857,0.000357143,0,0.001428572,0,0,0,0,0
16,1,1,1,1,1,1,1,1,1,1,1,1,1,1,1,1,1,1,1,1,1,1,1,1,1,1,1,1,1,1,1,1,1,1,1,1,1,1,1,1,1,1,1,1,1,1,1,1,1,1,1,1,1,1,1,1,1,1,1,1,1,1,1,1,1,1,1,1,1,1,1,1,1,1,1,1,1,1,1,1,1,1,1,1,1,1,1,1,1,1,1,1,1,1,1,1,1,1,1,1,1,1,1,1,1,1,1,1,1,1,1,1,1,1,1,1,1,1,1,1,1,1,1,1,1,1,1,1,1,1,1,1,1,1,1,1,1,1,1,1,1,1,1,1,1,1,1,1,1,1,1,1,1,1,1,1,1,1,1,1,1,1,1,1,1,1,1,1,1,1,1,1,1,1,1,1,1,1,1,1,1,1,1,1,1,1,1,1,1,1,1,1,1,1,1,1,1,1,1,0.999375,0.999642857,0.999641962,0.998214286,0.999642857,0.998705357,0.999583333,0.999444445,0.999285714,0.999722222,1,0.9990625,0.999583333,0.999,1,0.999166667,0.9996875,1,0.99975,0.999583333,0.999330357,0.999583333,0.999087302,0.999027778,0.997651515,0.995801588,0.994695437,0.995270833,0.9949375,0.991758929,0.9870625,0.9886875,0.986282738,0.986269842,0.976977183,0.980513799,0.975467262,0.977163482,0.969471952,0.968811509,0.96028355,0.958803392,0.951343046,0.947952381,0.943532739,0.932013889,0.929537775,0.922327381,0.912485661,0.90977363,0.9034136,0.897286796,0.884560516,0.885314485,0.867804383,0.854952201,0.843646646,0.839087573,0.828516776,0.822837933,0.810738609,0.795548972,0.788221383,0.774299423,0.756520472,0.757376901,0.735127706,0.734500284,0.71948503,0.702156657,0.697267407,0.674318091,0.647339286,0.629544706,0.614900975,0.597032898,0.582920907,0.564028138,0.547352968,0.52114455,0.505464827,0.486018225,0.471850921,0.449506765,0.442573142,0.423021015,0.408986868,0.398467804,0.384120852,0.361623467,0.351182179,0.327494047,0.317621032,0.290011184,0.284393488,0.279325307,0.26369758,0.251784723,0.241071158,0.228797619,0.207557991,0.19192758,0.174415045,0.188213294,0.173878969,0.165874008,0.146776224,0.135729528,0.13218254,0.118739088,0.114616071,0.103265783,0.096563041,0.088703373,0.081110119,0.074395833,0.065430196,0.069558531,0.063159722,0.058380682,0.056474206,0.052551137,0.056652778,0.047382936,0.040174603,0.036418651,0.03475,0.027342262,0.027835318,0.027287699,0.026023809,0.020616072,0.02025,0.019944597,0.018154762,0.017892857,0.015886905,0.012714286,0.015288691,0.015732143,0.011982143,0.010208334,0.01075,0.008366071,0.007916667,0.007045455,0.007222222,0.008869048,0.007559524,0.007142857,0.0075,0.0065
17,1,1,1,1,1,1,1,1,1,1,1,1,1,1,1,1,1,1,1,1,1,1,1,1,1,1,1,1,1,1,1,1,1,1,1,1,1,1,1,1,1,1,1,1,1,1,1,1,1,1,1,1,1,1,1,1,1,1,1,1,1,1,1,1,1,1,1,1,1,1,1,1,1,1,1,1,1,1,1,1,1,1,1,1,1,1,1,1,1,1,1,1,1,1,1,1,1,1,1,1,1,1,1,1,1,1,1,1,1,1,1,1,1,1,1,1,1,1,1,1,1,1,1,1,1,1,1,1,1,1,1,1,1,1,1,1,1,1,1,1,1,1,1,1,1,1,1,1,1,1,1,1,1,1,1,1,1,1,1,1,1,1,1,1,1,1,1,1,1,1,1,1,1,1,1,1,1,1,1,1,1,1,1,1,1,1,1,1,1,1,1,1,1,1,1,1,1,1,1,1,1,1,1,1,1,1,1,1,1,1,1,1,1,0.999285714,0.999375,0.999285714,0.999,1,0.999642857,1,1,0.999583333,1,0.999722222,0.998142857,0.996944445,0.99875,0.998154762,0.997103896,0.997261905,0.996858135,0.996068453,0.99638961,0.997837302,0.996794553,0.997446429,0.994077381,0.996204275,0.997564484,0.988917298,0.991515693,0.986262897,0.989167659,0.983029762,0.984394841,0.976945437,0.972968885,0.970026696,0.967546537,0.963231151,0.960509921,0.953863096,0.946174576,0.945007486,0.940266865,0.938945305,0.937267358,0.93384127,0.919821339,0.918725199,0.910507936,0.896429563,0.893434523,0.885824315,0.877073323,0.86567262,0.861677219,0.855245103,0.842996004,0.837135886,0.822429924,0.803205419,0.795200398,0.781237013,0.763771812,0.743825647,0.722121934,0.717447823,0.698636815,0.692295939,0.673069965,0.648814305,0.646953373,0.637850199,0.620754961,0.610775208,0.592983946,0.5776149,0.548248737,0.548061057,0.526758124,0.5032638,0.493435608,0.471757576,0.469351281,0.45165783,0.432557901,0.420540765,0.402716,0.391092262,0.385613906,0.365686058,0.352195346,0.339146285,0.30948079,0.291704907,0.283873738,0.284618686,0.266013189,0.256424444,0.234937501,0.224170274,0.216771909,0.203440024,0.191202832,0.177660839,0.173801588,0.169768849,0.153342262,0.147950397,0.13814652,0.129006945,0.125031746,0.117618867,0.109770383,0.102549514,0.102397818,0.088061056,0.083635073,0.071269842,0.069729347,0.064445347,0.05730258,0.058604167,0.056311862,0.048708334,0.049275793,0.042050595,0.034738096,0.032549603,0.030741071,0.025920455,0.025532738,0.022172619,0.020470238,0.017382846,0.019464286,0.01880258,0.015952381,0.017083333,0.015595238
18,1,1,1,1,1,1,1,1,1,1,1,1,1,1,1,1,1,1,1,1,1,1,1,1,1,1,1,1,1,1,1,1,1,1,1,1,1,1,1,1,1,1,1,1,1,1,1,1,1,1,1,1,1,1,1,1,1,1,1,1,1,1,1,1,1,1,1,1,1,1,1,1,1,1,1,1,1,1,1,1,1,1,1,1,1,1,1,1,1,1,1,1,1,1,1,1,1,1,1,1,1,1,1,1,1,1,1,1,1,1,1,1,1,1,1,1,1,1,1,1,1,1,1,1,1,1,1,1,1,1,1,1,1,1,1,1,1,1,1,1,1,1,1,1,1,1,1,1,1,1,1,1,1,1,1,1,1,1,1,1,1,1,1,1,1,1,1,1,1,1,1,1,1,1,1,1,1,1,1,1,1,1,1,1,1,1,1,1,1,1,1,1,1,1,1,1,1,1,1,1,1,1,1,1,1,1,1,1,1,1,1,1,1,1,1,1,1,1,0.999166667,1,1,1,0.999642857,1,0.999087302,0.998616072,1,0.999642857,0.999583333,0.999166667,0.999058442,0.999583333,1,0.999444445,1,0.999642857,0.999392857,1,0.999791667,1,0.998288691,0.999285715,0.998125,0.997136725,0.995928571,0.994330358,0.992618056,0.992050596,0.994449405,0.99609127,0.991816469,0.985752165,0.987172772,0.982655033,0.980143849,0.978550596,0.977522818,0.970784722,0.972763348,0.970147727,0.963785715,0.961420454,0.964431548,0.953965008,0.949927344,0.944997024,0.947089106,0.941863095,0.926271104,0.924335137,0.91591186,0.91126876,0.903880141,0.896423973,0.888783821,0.878145654,0.864944265,0.862101641,0.846999986,0.842750812,0.834111806,0.819993867,0.808595544,0.796228445,0.781467803,0.767764382,0.762511725,0.764537247,0.743165315,0.734876361,0.712953373,0.707001985,0.692166487,0.663858983,0.657265664,0.635637536,0.620418984,0.620687139,0.600137509,0.580703297,0.566718836,0.546424422,0.534352975,0.513764521,0.507862013,0.492965594,0.47908486,0.46363363,0.454456565,0.440109128,0.434175597,0.414336601,0.399864089,0.390338655,0.372020743,0.356807991,0.35005165,0.323136726,0.306045635,0.304735119,0.276939886,0.273840313,0.258093164,0.243820167,0.227286707,0.218922349,0.207621725,0.202692461,0.186154491,0.176029297,0.16632197,0.15529472,0.151703102,0.138859669,0.136219877,0.126265873,0.119660714,0.112334235,0.104588114,0.095853986,0.089881945,0.085416396,0.079321428,0.069532738,0.067463294,0.063570257,0.062088204,0.058966991,0.054706079,0.053272818,0.04375
19,1,1,1,1,1,1,1,1,1,1,1,1,1,1,1,1,1,1,1,1,1,1,1,1,1,1,1,1,1,1,1,1,1,1,1,1,1,1,1,1,1,1,1,1,1,1,1,1,1,1,1,1,1,1,1,1,1,1,1,1,1,1,1,1,1,1,1,1,1,1,1,1,1,1,1,1,1,1,1,1,1,1,1,1,1,1,1,1,1,1,1,1,1,1,1,1,1,1,1,1,1,1,1,1,1,1,1,1,1,1,1,1,1,1,1,1,1,1,1,1,1,1,1,1,1,1,1,1,1,1,1,1,1,1,1,1,1,1,1,1,1,1,1,1,1,1,1,1,1,1,1,1,1,1,1,1,1,1,1,1,1,1,1,1,1,1,1,1,1,1,1,1,1,1,1,1,1,1,1,1,1,1,1,1,1,1,1,1,1,1,1,1,1,1,1,1,1,1,1,1,1,1,1,1,1,1,1,1,1,1,1,1,1,1,1,1,1,1,1,1,1,1,1,1,1,1,1,1,1,1,1,1,1,1,1,1,0.999583333,1,1,1,0.999642857,0.999583333,1,1,1,1,1,0.999772727,0.999270833,0.998875,0.9996875,0.998928572,0.998976191,0.996205357,0.994833334,0.994659722,0.995500992,0.993044643,0.995387897,0.993891775,0.992604167,0.993087121,0.986106061,0.99104311,0.987401786,0.987516865,0.987516685,0.980959145,0.981133928,0.977574315,0.975268849,0.965763889,0.965631944,0.961427579,0.958238005,0.948756411,0.948089917,0.938491072,0.933513889,0.931059448,0.928293561,0.921753697,0.914100171,0.911673611,0.904534271,0.894688285,0.885499009,0.885324405,0.873824405,0.858818397,0.84468245,0.835329275,0.827815928,0.823151516,0.801155123,0.782003969,0.77199246,0.769983406,0.759079185,0.748811238,0.737517767,0.733417707,0.713963295,0.702579997,0.694914232,0.681324586,0.658501777,0.653099345,0.643417756,0.619445895,0.611341812,0.588806547,0.574359849,0.559803142,0.541862103,0.537018489,0.519993957,0.507937806,0.488281296,0.473489809,0.460854978,0.445639431,0.425527597,0.407506404,0.401620852,0.386274441,0.375318183,0.361816017,0.349185946,0.335338294,0.33131719,0.310785958,0.302970599,0.289473846,0.276734128,0.251651744,0.238706363,0.230318993,0.222362197,0.200873557,0.194430285,0.191683532,0.175656746,0.166486112,0.151644841,0.147697691,0.139167208,0.137609578,0.129707571,0.130056548,0.121495039
20,1,1,1,1,1,1,1,1,1,1,1,1,1,1,1,1,1,1,1,1,1,1,1,1,1,1,1,1,1,1,1,1,1,1,1,1,1,1,1,1,1,1,1,1,1,1,1,1,1,1,1,1,1,1,1,1,1,1,1,1,1,1,1,1,1,1,1,1,1,1,1,1,1,1,1,1,1,1,1,1,1,1,1,1,1,1,1,1,1,1,1,1,1,1,1,1,1,1,1,1,1,1,1,1,1,1,1,1,1,1,1,1,1,1,1,1,1,1,1,1,1,1,1,1,1,1,1,1,1,1,1,1,1,1,1,1,1,1,1,1,1,1,1,1,1,1,1,1,1,1,1,1,1,1,1,1,1,1,1,1,1,1,1,1,1,1,1,1,1,1,1,1,1,1,1,1,1,1,1,1,1,1,1,1,1,1,1,1,1,1,1,1,1,1,1,1,1,1,1,1,1,1,1,1,1,1,1,1,1,1,1,1,1,1,1,1,1,1,1,1,1,1,1,1,1,1,1,1,1,1,1,1,1,1,1,1,1,1,1,1,1,1,0.99975,1,1,1,0.9996875,0.9990625,0.9996875,1,0.999772727,0.9990625,1,1,0.9996875,0.9996875,0.99875,0.999583333,0.999142857,0.997361111,0.999270833,0.999642857,0.999642857,1,0.9996875,0.999166667,0.998870192,0.995547619,0.997015693,0.997375,0.997212302,0.995741072,0.992116072,0.990454365,0.988077381,0.985638889,0.984968254,0.980208334,0.977289683,0.975665584,0.973402091,0.972044643,0.965397818,0.958445617,0.961687726,0.956858045,0.953237103,0.947816289,0.940804563,0.939310517,0.93515855,0.923987374,0.916242064,0.912437653,0.903292479,0.89899504,0.885431548,0.881510912,0.870584867,0.86662371,0.858968254,0.849476552,0.846347181,0.834601267,0.831805194,0.822359128,0.800357865,0.793487465,0.787566739,0.782766775,0.772233405,0.752212364,0.744477495,0.732477398,0.710165224,0.702760642,0.69439854,0.682132486,0.669626807,0.655122745,0.64399495,0.624049333,0.612958702,0.608485029,0.580215008,0.575618328,0.566546447,0.537116467,0.537343075,0.51733676,0.493560914,0.486609703,0.480209777,0.465200126,0.439257118,0.422158807,0.409629114,0.403986563,0.385023248,0.376651787,0.367226191,0.341633206,0.337414919,0.307828928,0.301477002,0.291456654,0.280262176,0.271487408,0.25897039,0.244550054,0.241324405
