"#Time along first column, position along first row. ",,,,,,,,,,,,,,,,,,,,,,,,,,,,,,,,,,,,,,,,,,,,,,,,,,,,,,,,,,,,,,,,,,,,,,,,,,,,,,,,,,,,,,,,,,,,,,,,,,,,,,,,,,,,,,,,,,,,,,,,,,,,,,,,,,,,,,,,,,,,,,,,,,,,,,,,,,,,,,,,,,,,,,,,,,,,,,,,,,,,,,,,,,,,,,,,,,,,,,,,,,,,,,,,,,,,,,,,,,,,,,,,,,,,,,,,,,,,,,,,,,,,,,,,,,,,,,,,,,,,,,,,,,,,,,,,,,,,,,,,,,,,,,,,,,,,,,,,,,,,
Time (day)\Position (micrometers),0,30,60,90,120,150,180,210,240,270,300,330,360,390,420,450,480,510,540,570,600,630,660,690,720,750,780,810,840,870,900,930,960,990,1020,1050,1080,1110,1140,1170,1200,1230,1260,1290,1320,1350,1380,1410,1440,1470,1500,1530,1560,1590,1620,1650,1680,1710,1740,1770,1800,1830,1860,1890,1920,1950,1980,2010,2040,2070,2100,2130,2160,2190,2220,2250,2280,2310,2340,2370,2400,2430,2460,2490,2520,2550,2580,2610,2640,2670,2700,2730,2760,2790,2820,2850,2880,2910,2940,2970,3000,3030,3060,3090,3120,3150,3180,3210,3240,3270,3300,3330,3360,3390,3420,3450,3480,3510,3540,3570,3600,3630,3660,3690,3720,3750,3780,3810,3840,3870,3900,3930,3960,3990,4020,4050,4080,4110,4140,4170,4200,4230,4260,4290,4320,4350,4380,4410,4440,4470,4500,4530,4560,4590,4620,4650,4680,4710,4740,4770,4800,4830,4860,4890,4920,4950,4980,5010,5040,5070,5100,5130,5160,5190,5220,5250,5280,5310,5340,5370,5400,5430,5460,5490,5520,5550,5580,5610,5640,5670,5700,5730,5760,5790,5820,5850,5880,5910,5940,5970,6000,6030,6060,6090,6120,6150,6180,6210,6240,6270,6300,6330,6360,6390,6420,6450,6480,6510,6540,6570,6600,6630,6660,6690,6720,6750,6780,6810,6840,6870,6900,6930,6960,6990,7020,7050,7080,7110,7140,7170,7200,7230,7260,7290,7320,7350,7380,7410,7440,7470,7500,7530,7560,7590,7620,7650,7680,7710,7740,7770,7800,7830,7860,7890,7920,7950,7980,8010,8040,8070,8100,8130,8160,8190,8220,8250,8280,8310,8340,8370,8400,8430,8460,8490,8520,8550,8580,8610,8640,8670,8700,8730,8760,8790,8820,8850,8880,8910,8940,8970
0,1,1,1,1,1,1,1,1,1,1,1,1,1,1,1,1,1,1,1,1,1,1,1,1,1,1,1,1,1,1,1,1,1,1,0.999705882,0.999705882,0.999886364,1,0.999601716,0.9996875,0.997923077,0.999768519,0.999642857,0.9999,0.998161604,0.999202219,0.999705882,0.999539573,0.998293426,0.997683036,0.998511295,0.997894841,0.998873106,0.998424303,0.997341437,0.9929418,0.993726343,0.986088395,0.978549756,0.963296378,0.955738242,0.919668542,0.889370076,0.821078236,0.73865137,0.630761185,0.514055356,0.40947604,0.283236658,0.172448508,0.109423699,0.060303726,0.03161511,0.013994914,0.002564103,0,0,0,0,0,0,0,0,0,0,0,0,0,0,0,0,0,0,0,0,0,0,0,0,0,0,0,0,0,0,0,0,0,0,0,0,0,0,0,0,0,0,0,0,0,0,0,0,0,0,0,0,0,0,0,0,0,0,0,0,0,0,0,0,0,0,0,0,0,0,0,0,0,0,0,0,0,0,0,0,0,0,0,0,0,0,0,0,0,0,0,0,0,0,0,0,0,0,0,0,0,0,0,0,0,0,0,0,0,0,0,0,0,0,0,0,0,0,0,0,0,0,0,0,0,0,0,0,0,0,0,0,0,0,0,0,0,0,0,0,0,0,0,0,0,0,0,0,0,0,0,0,0,0,0,0,0,0,0,0,0,0,0,0,0,0,0,0,0,0,0,0,0,0,0,0,0,0,0,0,0,0,0,0,0,0,0,0,0,0,0,0,0,0,0,0,0,0,0,0,0,0,0,0,0,0,0,0,0,0,0,0,0,0,0,0,0,0,0,0,0,0,0,0,0
1,1,1,1,1,1,1,1,1,1,1,1,1,1,1,1,1,1,1,1,1,1,1,1,1,1,1,1,1,1,1,1,1,1,1,1,1,1,1,1,1,1,1,1,1,1,1,1,1,1,1,1,1,1,1,1,1,0.999186508,1,0.999666667,1,0.996944444,0.996993786,0.99704544,0.994663439,0.984158387,0.969237181,0.946147756,0.897763241,0.852268143,0.804025318,0.715776144,0.614960142,0.551223559,0.417967219,0.318538014,0.236099529,0.151984192,0.091891217,0.055685778,0.03057162,0.024789005,0.011996637,0.006331241,0.002583979,0.002610966,0.002604167,0.001610825,0.000511509,0,0,0,0,0,0,0,0,0,0,0,0,0,0,0,0,0,0,0,0,0,0,0,0,0,0,0,0,0,0,0,0,0,0,0,0,0,0,0,0,0,0,0,0,0,0,0,0,0,0,0,0,0,0,0,0,0,0,0,0,0,0,0,0,0,0,0,0,0,0,0,0,0,0,0,0,0,0,0,0,0,0,0,0,0,0,0,0,0,0,0,0,0,0,0,0,0,0,0,0,0,0,0,0,0,0,0,0,0,0,0,0,0,0,0,0,0,0,0,0,0,0,0,0,0,0,0,0,0,0,0,0,0,0,0,0,0,0,0,0,0,0,0,0,0,0,0,0,0,0,0,0,0,0,0,0,0,0,0,0,0,0,0,0,0,0,0,0,0,0,0,0,0,0,0,0,0,0,0,0,0,0,0,0,0,0,0,0,0,0,0,0,0,0,0,0,0,0,0,0,0,0,0,0,0,0,0,0,0,0,0,0
2,1,1,1,1,1,1,1,1,1,1,1,1,1,1,1,1,1,1,1,1,1,1,1,1,1,1,1,1,1,1,1,1,1,1,1,1,1,1,1,1,1,1,1,1,1,1,1,1,1,1,1,1,1,1,1,1,1,1,1,1,0.9999,0.9996875,0.999154135,0.997942639,0.997895833,0.995955882,0.99599068,0.995284334,0.988100929,0.979561253,0.964630177,0.941681501,0.91288652,0.880841693,0.841206078,0.772638874,0.702813228,0.622086401,0.504641939,0.424001298,0.345922283,0.253974351,0.190847058,0.127672284,0.090029236,0.057049204,0.030852118,0.016608645,0.013180503,0.00328084,0.002448454,0,0,0,0,0,0,0,0,0,0,0,0,0,0,0,0,0,0,0,0,0,0,0,0,0,0,0,0,0,0,0,0,0,0,0,0,0,0,0,0,0,0,0,0,0,0,0,0,0,0,0,0,0,0,0,0,0,0,0,0,0,0,0,0,0,0,0,0,0,0,0,0,0,0,0,0,0,0,0,0,0,0,0,0,0,0,0,0,0,0,0,0,0,0,0,0,0,0,0,0,0,0,0,0,0,0,0,0,0,0,0,0,0,0,0,0,0,0,0,0,0,0,0,0,0,0,0,0,0,0,0,0,0,0,0,0,0,0,0,0,0,0,0,0,0,0,0,0,0,0,0,0,0,0,0,0,0,0,0,0,0,0,0,0,0,0,0,0,0,0,0,0,0,0,0,0,0,0,0,0,0,0,0,0,0,0,0,0,0,0,0,0,0,0,0,0,0,0,0,0,0,0,0,0,0,0,0,0,0
3,1,1,1,1,1,1,1,1,1,1,1,1,1,1,1,1,1,1,1,1,1,1,1,1,1,1,1,1,1,1,1,1,1,1,1,1,1,1,1,1,1,1,1,1,1,1,1,1,1,1,1,1,1,1,1,1,1,1,1,1,1,1,1,1,1,1,1,1,1,0.999756944,0.998225447,0.99720212,0.994516148,0.984761304,0.979335308,0.966857285,0.94697493,0.929251932,0.896133055,0.869359136,0.824258708,0.756578345,0.682592918,0.612701417,0.541377873,0.435135406,0.344221134,0.282952608,0.214862026,0.169833216,0.130393395,0.088636178,0.051841061,0.029744199,0.017211246,0.008119658,0.005627706,0.002337886,0,0,0,0,0,0,0,0,0,0,0,0,0,0,0,0,0,0,0,0,0,0,0,0,0,0,0,0,0,0,0,0,0,0,0,0,0,0,0,0,0,0,0,0,0,0,0,0,0,0,0,0,0,0,0,0,0,0,0,0,0,0,0,0,0,0,0,0,0,0,0,0,0,0,0,0,0,0,0,0,0,0,0,0,0,0,0,0,0,0,0,0,0,0,0,0,0,0,0,0,0,0,0,0,0,0,0,0,0,0,0,0,0,0,0,0,0,0,0,0,0,0,0,0,0,0,0,0,0,0,0,0,0,0,0,0,0,0,0,0,0,0,0,0,0,0,0,0,0,0,0,0,0,0,0,0,0,0,0,0,0,0,0,0,0,0,0,0,0,0,0,0,0,0,0,0,0,0,0,0,0,0,0,0,0,0,0,0,0,0,0,0,0,0,0,0,0,0,0,0,0,0
4,1,1,1,1,1,1,1,1,1,1,1,1,1,1,1,1,1,1,1,1,1,1,1,1,1,1,1,1,1,1,1,1,1,1,1,1,1,1,1,1,1,1,1,1,1,1,1,1,1,1,1,1,1,1,1,1,1,1,1,1,1,1,1,1,1,1,1,1,1,1,0.999875,1,0.998784722,0.999886364,0.999666667,0.999666667,0.99721131,0.990745799,0.986613646,0.979037335,0.973070677,0.960377493,0.9468431,0.929671303,0.894312944,0.865672754,0.797698242,0.730890558,0.664173065,0.596138128,0.544380961,0.452574664,0.389349369,0.307636874,0.231186179,0.173753825,0.12477755,0.090065744,0.067746667,0.04395608,0.021752884,0.015748462,0.008920881,0.006253636,0.004478897,0.003681885,0.000637755,0,0,0,0,0,0,0,0,0,0,0,0,0,0,0,0,0,0,0,0,0,0,0,0,0,0,0,0,0,0,0,0,0,0,0,0,0,0,0,0,0,0,0,0,0,0,0,0,0,0,0,0,0,0,0,0,0,0,0,0,0,0,0,0,0,0,0,0,0,0,0,0,0,0,0,0,0,0,0,0,0,0,0,0,0,0,0,0,0,0,0,0,0,0,0,0,0,0,0,0,0,0,0,0,0,0,0,0,0,0,0,0,0,0,0,0,0,0,0,0,0,0,0,0,0,0,0,0,0,0,0,0,0,0,0,0,0,0,0,0,0,0,0,0,0,0,0,0,0,0,0,0,0,0,0,0,0,0,0,0,0,0,0,0,0,0,0,0,0,0,0,0,0,0,0,0,0,0,0,0,0,0,0,0,0,0,0,0,0,0,0,0,0
5,1,1,1,1,1,1,1,1,1,1,1,1,1,1,1,1,1,1,1,1,1,1,1,1,1,1,1,1,1,1,1,1,1,1,1,1,1,1,1,1,1,1,1,1,1,1,1,1,1,1,1,1,1,1,1,1,1,1,1,1,1,1,1,1,1,1,1,1,1,1,1,1,1,1,0.999880953,1,1,1,1,0.999722222,0.9990625,0.998838834,0.995307669,0.990290286,0.985725039,0.971950401,0.964294178,0.949259106,0.936884106,0.912140393,0.879242395,0.841254,0.789118361,0.73684585,0.664641864,0.588683668,0.517215586,0.442036867,0.383024974,0.322208981,0.25936966,0.19798882,0.141689651,0.104558373,0.083105157,0.051272839,0.029886083,0.017171072,0.016250409,0.007946735,0.004553801,0,0,0,0,0,0,0,0,0,0,0,0,0,0,0,0,0,0,0,0,0,0,0,0,0,0,0,0,0,0,0,0,0,0,0,0,0,0,0,0,0,0,0,0,0,0,0,0,0,0,0,0,0,0,0,0,0,0,0,0,0,0,0,0,0,0,0,0,0,0,0,0,0,0,0,0,0,0,0,0,0,0,0,0,0,0,0,0,0,0,0,0,0,0,0,0,0,0,0,0,0,0,0,0,0,0,0,0,0,0,0,0,0,0,0,0,0,0,0,0,0,0,0,0,0,0,0,0,0,0,0,0,0,0,0,0,0,0,0,0,0,0,0,0,0,0,0,0,0,0,0,0,0,0,0,0,0,0,0,0,0,0,0,0,0,0,0,0,0,0,0,0,0,0,0,0,0,0,0,0,0,0,0,0,0,0,0,0,0
6,1,1,1,1,1,1,1,1,1,1,1,1,1,1,1,1,1,1,1,1,1,1,1,1,1,1,1,1,1,1,1,1,1,1,1,1,1,1,1,1,1,1,1,1,1,1,1,1,1,1,1,1,1,1,1,1,1,1,1,1,1,1,1,1,1,1,1,1,1,1,1,1,1,1,1,1,1,1,1,1,1,1,1,0.999045455,0.999875,0.9996875,0.999375,0.996428572,0.999561404,0.994842903,0.984809671,0.972133871,0.947524204,0.92591235,0.916773224,0.895242739,0.864221802,0.83471083,0.794222623,0.737040587,0.67370129,0.594973383,0.537342798,0.469558588,0.385483948,0.332016596,0.259808383,0.212675978,0.157791763,0.115502274,0.091462064,0.064001786,0.044567545,0.031570453,0.020062457,0.014116631,0.006651747,0.002597403,0,0,0,0,0,0,0,0,0,0,0,0,0,0,0,0,0,0,0,0,0,0,0,0,0,0,0,0,0,0,0,0,0,0,0,0,0,0,0,0,0,0,0,0,0,0,0,0,0,0,0,0,0,0,0,0,0,0,0,0,0,0,0,0,0,0,0,0,0,0,0,0,0,0,0,0,0,0,0,0,0,0,0,0,0,0,0,0,0,0,0,0,0,0,0,0,0,0,0,0,0,0,0,0,0,0,0,0,0,0,0,0,0,0,0,0,0,0,0,0,0,0,0,0,0,0,0,0,0,0,0,0,0,0,0,0,0,0,0,0,0,0,0,0,0,0,0,0,0,0,0,0,0,0,0,0,0,0,0,0,0,0,0,0,0,0,0,0,0,0,0,0,0,0,0,0,0,0,0,0,0,0
7,1,1,1,1,1,1,1,1,1,1,1,1,1,1,1,1,1,1,1,1,1,1,1,1,1,1,1,1,1,1,1,1,1,1,1,1,1,1,1,1,1,1,1,1,1,1,1,1,1,1,1,1,1,1,1,1,1,1,1,1,1,1,1,1,1,1,1,1,1,1,1,1,1,1,1,1,1,1,1,1,1,1,1,1,1,1,1,1,1,1,0.998636364,0.999657197,0.999522792,0.992814352,0.985711687,0.97986495,0.976145702,0.956831776,0.940282004,0.924550703,0.908363783,0.890650335,0.860619051,0.828227328,0.782223613,0.744092146,0.673289476,0.607000763,0.529479826,0.47102889,0.398287306,0.320064251,0.273935949,0.210527171,0.168596993,0.130349741,0.091356145,0.077085615,0.054542101,0.037082045,0.030359969,0.024562578,0.014316558,0.009496124,0.001319261,0,0,0,0,0,0,0,0,0,0,0,0,0,0,0,0,0,0,0,0,0,0,0,0,0,0,0,0,0,0,0,0,0,0,0,0,0,0,0,0,0,0,0,0,0,0,0,0,0,0,0,0,0,0,0,0,0,0,0,0,0,0,0,0,0,0,0,0,0,0,0,0,0,0,0,0,0,0,0,0,0,0,0,0,0,0,0,0,0,0,0,0,0,0,0,0,0,0,0,0,0,0,0,0,0,0,0,0,0,0,0,0,0,0,0,0,0,0,0,0,0,0,0,0,0,0,0,0,0,0,0,0,0,0,0,0,0,0,0,0,0,0,0,0,0,0,0,0,0,0,0,0,0,0,0,0,0,0,0,0,0,0,0,0,0,0,0,0,0,0,0,0,0,0,0
8,1,1,1,1,1,1,1,1,1,1,1,1,1,1,1,1,1,1,1,1,1,1,1,1,1,1,1,1,1,1,1,1,1,1,1,1,1,1,1,1,1,1,1,1,1,1,1,1,1,1,1,1,1,1,1,1,1,1,1,1,1,1,1,1,1,1,1,1,1,1,1,1,1,1,1,1,1,1,1,1,1,1,1,1,1,1,1,1,1,1,1,1,1,1,0.999891304,1,0.999875,0.999162465,0.997435446,0.996499022,0.98920873,0.979706273,0.966118654,0.955447361,0.933975042,0.913299125,0.895484042,0.868460295,0.845765715,0.799862476,0.753253228,0.705101168,0.641018035,0.574776605,0.512819647,0.453688395,0.395509009,0.337559663,0.299919036,0.243570471,0.186464381,0.137758062,0.102279562,0.083835951,0.065487759,0.052306695,0.039347718,0.03013174,0.02893572,0.023317337,0.014778398,0.010617211,0.008133882,0.002714039,0,0,0,0,0,0,0,0,0,0,0,0,0,0,0,0,0,0,0,0,0,0,0,0,0,0,0,0,0,0,0,0,0,0,0,0,0,0,0,0,0,0,0,0,0,0,0,0,0,0,0,0,0,0,0,0,0,0,0,0,0,0,0,0,0,0,0,0,0,0,0,0,0,0,0,0,0,0,0,0,0,0,0,0,0,0,0,0,0,0,0,0,0,0,0,0,0,0,0,0,0,0,0,0,0,0,0,0,0,0,0,0,0,0,0,0,0,0,0,0,0,0,0,0,0,0,0,0,0,0,0,0,0,0,0,0,0,0,0,0,0,0,0,0,0,0,0,0,0,0,0,0,0,0,0,0,0,0,0,0,0,0,0,0,0,0
9,1,1,1,1,1,1,1,1,1,1,1,1,1,1,1,1,1,1,1,1,1,1,1,1,1,1,1,1,1,1,1,1,1,1,1,1,1,1,1,1,1,1,1,1,1,1,1,1,1,1,1,1,1,1,1,1,1,1,1,1,1,1,1,1,1,1,1,1,1,1,1,1,1,1,1,1,1,1,1,1,1,1,1,1,1,1,1,1,1,1,1,1,1,1,1,1,1,1,1,1,0.999555921,1,0.998101716,0.996082108,0.989326353,0.984132088,0.981170584,0.975596481,0.963762934,0.942189777,0.92817707,0.901070327,0.88599136,0.853085961,0.815060989,0.781560357,0.735758107,0.685195514,0.644021893,0.588864736,0.540392777,0.483915304,0.411985053,0.343948493,0.299623668,0.242791382,0.176560289,0.130110695,0.099481559,0.075731084,0.070008875,0.053061246,0.042374855,0.032176309,0.024551505,0.018532986,0.016666667,0.011753155,0.009831935,0.007091413,0.005470533,0.001174935,0.001322751,0,0,0,0,0,0,0,0,0,0,0,0,0,0,0,0,0,0,0,0,0,0,0,0,0,0,0,0,0,0,0,0,0,0,0,0,0,0,0,0,0,0,0,0,0,0,0,0,0,0,0,0,0,0,0,0,0,0,0,0,0,0,0,0,0,0,0,0,0,0,0,0,0,0,0,0,0,0,0,0,0,0,0,0,0,0,0,0,0,0,0,0,0,0,0,0,0,0,0,0,0,0,0,0,0,0,0,0,0,0,0,0,0,0,0,0,0,0,0,0,0,0,0,0,0,0,0,0,0,0,0,0,0,0,0,0,0,0,0,0,0,0,0,0,0,0,0,0,0,0,0,0,0,0,0,0,0
10,1,1,1,1,1,1,1,1,1,1,1,1,1,1,1,1,1,1,1,1,1,1,1,1,1,1,1,1,1,1,1,1,1,1,1,1,1,1,1,1,1,1,1,1,1,1,1,1,1,1,1,1,1,1,1,1,1,1,1,1,1,1,1,1,1,1,1,1,1,1,1,1,1,1,1,1,1,1,1,1,1,1,1,1,1,1,1,1,1,1,1,1,1,1,1,1,1,1,1,1,1,1,1,1,0.999752415,1,0.998814915,0.998630953,0.996542629,0.994177016,0.992484562,0.980577055,0.969625237,0.955442461,0.941292923,0.933526099,0.920109444,0.899600628,0.880209392,0.84457399,0.815207328,0.768851845,0.717593568,0.676073975,0.630808664,0.586237087,0.525781705,0.479414752,0.429460439,0.35366668,0.292629876,0.229925365,0.185964575,0.154082669,0.122878004,0.085999114,0.067758799,0.060256787,0.053541667,0.040547733,0.030362753,0.024825673,0.011385836,0.00882732,0.005221932,0.004679487,0.005020676,0.003896104,0.000645995,0,0,0,0,0,0,0,0,0,0,0,0,0,0,0,0,0,0,0,0,0,0,0,0,0,0,0,0,0,0,0,0,0,0,0,0,0,0,0,0,0,0,0,0,0,0,0,0,0,0,0,0,0,0,0,0,0,0,0,0,0,0,0,0,0,0,0,0,0,0,0,0,0,0,0,0,0,0,0,0,0,0,0,0,0,0,0,0,0,0,0,0,0,0,0,0,0,0,0,0,0,0,0,0,0,0,0,0,0,0,0,0,0,0,0,0,0,0,0,0,0,0,0,0,0,0,0,0,0,0,0,0,0,0,0,0,0,0,0,0,0,0,0,0,0,0,0,0,0,0,0
11,1,1,1,1,1,1,1,1,1,1,1,1,1,1,1,1,1,1,1,1,1,1,1,1,1,1,1,1,1,1,1,1,1,1,1,1,1,1,1,1,1,1,1,1,1,1,1,1,1,1,1,1,1,1,1,1,1,1,1,1,1,1,1,1,1,1,1,1,1,1,1,1,1,1,1,1,1,1,1,1,1,1,1,1,1,1,1,1,1,1,1,1,1,1,1,1,1,1,1,1,1,1,1,1,1,1,1,1,1,1,1,0.9990625,0.996861111,0.995722222,0.994861742,0.992457643,0.987629651,0.976201928,0.962178896,0.948669292,0.938977088,0.92911698,0.903185301,0.897614062,0.870878544,0.834228893,0.798926755,0.749479644,0.713059533,0.662281226,0.611405372,0.580385215,0.524563447,0.473084237,0.423395015,0.366015182,0.299444895,0.245641704,0.187279612,0.156894118,0.123532411,0.101925356,0.084752827,0.07046674,0.055452057,0.041313131,0.032592365,0.017055625,0.01543256,0.012489234,0.008354756,0.007310705,0.00530504,0.005055147,0.005221932,0.004631357,0.002958153,0,0,0,0,0,0,0,0,0,0,0,0,0,0,0,0,0,0,0,0,0,0,0,0,0,0,0,0,0,0,0,0,0,0,0,0,0,0,0,0,0,0,0,0,0,0,0,0,0,0,0,0,0,0,0,0,0,0,0,0,0,0,0,0,0,0,0,0,0,0,0,0,0,0,0,0,0,0,0,0,0,0,0,0,0,0,0,0,0,0,0,0,0,0,0,0,0,0,0,0,0,0,0,0,0,0,0,0,0,0,0,0,0,0,0,0,0,0,0,0,0,0,0,0,0,0,0,0,0,0,0,0,0,0,0,0,0,0,0,0,0,0,0
12,1,1,1,1,1,1,1,1,1,1,1,1,1,1,1,1,1,1,1,1,1,1,1,1,1,1,1,1,1,1,1,1,1,1,1,1,1,1,1,1,1,1,1,1,1,1,1,1,1,1,1,1,1,1,1,1,1,1,1,1,1,1,1,1,1,1,1,1,1,1,1,1,1,1,1,1,1,1,1,1,1,1,1,1,1,1,1,1,1,1,1,1,1,1,1,1,1,1,1,1,1,1,1,1,1,1,1,1,1,1,1,1,1,1,0.99984375,0.999903846,0.999588745,0.997166667,0.997047619,0.996911765,0.992907297,0.987399305,0.980628831,0.97202145,0.962310846,0.945955602,0.940865435,0.914110363,0.90088761,0.87136244,0.849862991,0.818446272,0.784237279,0.753536702,0.710211494,0.665765889,0.617720506,0.560650821,0.522373662,0.474100116,0.423985278,0.377598826,0.318828576,0.261551247,0.208567513,0.172990577,0.134803777,0.107804129,0.090433522,0.067253935,0.053122447,0.048263292,0.03834202,0.030088459,0.025333902,0.018269591,0.014718615,0.011794872,0.006962576,0.005128205,0.005208333,0.003478434,0.002362543,0,0,0,0,0,0,0,0,0,0,0,0,0,0,0,0,0,0,0,0,0,0,0,0,0,0,0,0,0,0,0,0,0,0,0,0,0,0,0,0,0,0,0,0,0,0,0,0,0,0,0,0,0,0,0,0,0,0,0,0,0,0,0,0,0,0,0,0,0,0,0,0,0,0,0,0,0,0,0,0,0,0,0,0,0,0,0,0,0,0,0,0,0,0,0,0,0,0,0,0,0,0,0,0,0,0,0,0,0,0,0,0,0,0,0,0,0,0,0,0,0,0,0,0,0,0,0,0,0,0,0,0,0,0,0,0,0
13,1,1,1,1,1,1,1,1,1,1,1,1,1,1,1,1,1,1,1,1,1,1,1,1,1,1,1,1,1,1,1,1,1,1,1,1,1,1,1,1,1,1,1,1,1,1,1,1,1,1,1,1,1,1,1,1,1,1,1,1,1,1,1,1,1,1,1,1,1,1,1,1,1,1,1,1,1,1,1,1,1,1,1,1,1,1,1,1,1,1,1,1,1,1,1,1,1,1,1,1,1,1,1,1,1,1,1,1,1,1,1,1,1,1,1,1,1,1,0.999891304,1,1,1,0.999053031,0.997391304,0.995738095,0.991951705,0.988676844,0.981845915,0.976496127,0.96070625,0.94340525,0.929971478,0.920673348,0.907614438,0.901565755,0.871089942,0.854236553,0.825896766,0.776629315,0.748432243,0.708985098,0.67307229,0.626520591,0.581614106,0.51084179,0.472473144,0.425853309,0.367810036,0.317522904,0.262930811,0.216438545,0.176086776,0.138357047,0.109433059,0.100222408,0.077121397,0.066334825,0.060956204,0.042353732,0.033856499,0.025832106,0.022067622,0.019220779,0.014130947,0.012358861,0.009634551,0.005642361,0.002583979,0.002564103,0.002262837,0.001627604,0,0,0,0,0,0,0,0,0,0,0,0,0,0,0,0,0,0,0,0,0,0,0,0,0,0,0,0,0,0,0,0,0,0,0,0,0,0,0,0,0,0,0,0,0,0,0,0,0,0,0,0,0,0,0,0,0,0,0,0,0,0,0,0,0,0,0,0,0,0,0,0,0,0,0,0,0,0,0,0,0,0,0,0,0,0,0,0,0,0,0,0,0,0,0,0,0,0,0,0,0,0,0,0,0,0,0,0,0,0,0,0,0,0,0,0,0,0,0,0,0,0,0,0,0,0,0,0,0
14,1,1,1,1,1,1,1,1,1,1,1,1,1,1,1,1,1,1,1,1,1,1,1,1,1,1,1,1,1,1,1,1,1,1,1,1,1,1,1,1,1,1,1,1,1,1,1,1,1,1,1,1,1,1,1,1,1,1,1,1,1,1,1,1,1,1,1,1,1,1,1,1,1,1,1,1,1,1,1,1,1,1,1,1,1,1,1,1,1,1,1,1,1,1,1,1,1,1,1,1,1,1,1,1,1,1,1,1,1,1,1,1,1,1,1,1,1,1,1,1,1,1,1,1,1,1,0.999833333,0.999580592,0.996945187,0.996299342,0.995386905,0.991924074,0.989004842,0.978859494,0.974034268,0.963876891,0.949336628,0.932323912,0.914768433,0.903522724,0.874804052,0.854515232,0.820380839,0.804537182,0.77121606,0.733032311,0.696852638,0.656326812,0.601858445,0.568471049,0.521333265,0.478698066,0.424683334,0.359027963,0.310198072,0.261868627,0.220734447,0.171919723,0.147736351,0.127255902,0.106433544,0.084616472,0.074261063,0.061606374,0.051040857,0.036007206,0.025226221,0.023465929,0.018434568,0.017084106,0.013164625,0.007792208,0.006760729,0.00705373,0.00428965,0,0,0,0,0,0,0,0,0,0,0,0,0,0,0,0,0,0,0,0,0,0,0,0,0,0,0,0,0,0,0,0,0,0,0,0,0,0,0,0,0,0,0,0,0,0,0,0,0,0,0,0,0,0,0,0,0,0,0,0,0,0,0,0,0,0,0,0,0,0,0,0,0,0,0,0,0,0,0,0,0,0,0,0,0,0,0,0,0,0,0,0,0,0,0,0,0,0,0,0,0,0,0,0,0,0,0,0,0,0,0,0,0,0,0,0,0,0,0,0,0,0,0,0,0
15,1,1,1,1,1,1,1,1,1,1,1,1,1,1,1,1,1,1,1,1,1,1,1,1,1,1,1,1,1,1,1,1,1,1,1,1,1,1,1,1,1,1,1,1,1,1,1,1,1,1,1,1,1,1,1,1,1,1,1,1,1,1,1,1,1,1,1,1,1,1,1,1,1,1,1,1,1,1,1,1,1,1,1,1,1,1,1,1,1,1,1,1,1,1,1,1,1,1,1,1,1,1,1,1,1,1,1,1,1,1,1,1,1,1,1,1,1,1,1,1,1,1,1,1,1,1,1,1,1,1,1,0.999861111,0.999666667,0.998455882,0.9985,0.996851496,0.995115968,0.992546704,0.985883165,0.974713976,0.967587897,0.950219612,0.936010867,0.920799842,0.912465865,0.890287675,0.870473538,0.857195703,0.825009497,0.792336073,0.75645685,0.744181574,0.698240098,0.661359662,0.621816773,0.565553971,0.507316875,0.464616381,0.413311335,0.362602129,0.310166737,0.262183589,0.230687715,0.207303721,0.179442,0.138801227,0.110831798,0.08902947,0.07622495,0.065908626,0.048110453,0.036938594,0.030089004,0.023708476,0.017260375,0.016393207,0.009415584,0.007675439,0.007699275,0.007311941,0.003165375,0,0,0,0,0,0,0,0,0,0,0,0,0,0,0,0,0,0,0,0,0,0,0,0,0,0,0,0,0,0,0,0,0,0,0,0,0,0,0,0,0,0,0,0,0,0,0,0,0,0,0,0,0,0,0,0,0,0,0,0,0,0,0,0,0,0,0,0,0,0,0,0,0,0,0,0,0,0,0,0,0,0,0,0,0,0,0,0,0,0,0,0,0,0,0,0,0,0,0,0,0,0,0,0,0,0,0,0,0,0,0,0,0,0,0,0,0,0,0
16,1,1,1,1,1,1,1,1,1,1,1,1,1,1,1,1,1,1,1,1,1,1,1,1,1,1,1,1,1,1,1,1,1,1,1,1,1,1,1,1,1,1,1,1,1,1,1,1,1,1,1,1,1,1,1,1,1,1,1,1,1,1,1,1,1,1,1,1,1,1,1,1,1,1,1,1,1,1,1,1,1,1,1,1,1,1,1,1,1,1,1,1,1,1,1,1,1,1,1,1,1,1,1,1,1,1,1,1,1,1,1,1,1,1,1,1,1,1,1,1,1,1,1,1,1,1,1,1,1,1,1,1,1,1,1,1,1,1,1,0.999364286,0.999636364,0.994891304,0.991381944,0.987177885,0.983844814,0.976047358,0.965088889,0.941808124,0.941391481,0.924852474,0.903676131,0.886012073,0.866953279,0.844214446,0.827044684,0.789698352,0.758645624,0.717570701,0.695004585,0.64472229,0.604863341,0.553968156,0.495425031,0.443266613,0.408586849,0.359284912,0.306963319,0.279846581,0.23876623,0.19312415,0.165735229,0.140708459,0.125779996,0.107105306,0.081055626,0.066078998,0.051023159,0.043023015,0.033742498,0.031971975,0.024041404,0.013297051,0.007262118,0.007506702,0.005274725,0.002197802,0,0,0,0,0,0,0,0,0,0,0,0,0,0,0,0,0,0,0,0,0,0,0,0,0,0,0,0,0,0,0,0,0,0,0,0,0,0,0,0,0,0,0,0,0,0,0,0,0,0,0,0,0,0,0,0,0,0,0,0,0,0,0,0,0,0,0,0,0,0,0,0,0,0,0,0,0,0,0,0,0,0,0,0,0,0,0,0,0,0,0,0,0,0,0,0,0,0,0,0,0,0,0,0,0,0,0,0,0,0,0,0,0,0
17,1,1,1,1,1,1,1,1,1,1,1,1,1,1,1,1,1,1,1,1,1,1,1,1,1,1,1,1,1,1,1,1,1,1,1,1,1,1,1,1,1,1,1,1,1,1,1,1,1,1,1,1,1,1,1,1,1,1,1,1,1,1,1,1,1,1,1,1,1,1,1,1,1,1,1,1,1,1,1,1,1,1,1,1,1,1,1,1,1,1,1,1,1,1,1,1,1,1,1,1,1,1,1,1,1,1,1,1,1,1,1,1,1,1,1,1,1,1,1,1,1,1,1,1,1,1,1,1,1,1,1,1,1,1,1,1,1,1,1,1,1,1,1,0.999875,0.9995,0.999891304,0.998605114,0.994056548,0.993331171,0.98721036,0.98187482,0.975301587,0.96082424,0.946047249,0.924603726,0.909925714,0.900890705,0.881016384,0.857625981,0.837601961,0.810883873,0.776007074,0.747889377,0.714204847,0.675590332,0.639998277,0.590060645,0.55607237,0.491661445,0.429752516,0.381069501,0.343905305,0.310610246,0.274054569,0.234789767,0.193599925,0.167928413,0.149640908,0.123286323,0.102473636,0.089940203,0.078263505,0.066616336,0.052575348,0.049073011,0.035508373,0.024515422,0.01891585,0.016903433,0.006140351,0.00428449,0.002597403,0,0,0,0,0,0,0,0,0,0,0,0,0,0,0,0,0,0,0,0,0,0,0,0,0,0,0,0,0,0,0,0,0,0,0,0,0,0,0,0,0,0,0,0,0,0,0,0,0,0,0,0,0,0,0,0,0,0,0,0,0,0,0,0,0,0,0,0,0,0,0,0,0,0,0,0,0,0,0,0,0,0,0,0,0,0,0,0,0,0,0,0,0,0,0,0,0,0,0,0,0,0,0,0,0,0,0,0
18,1,1,1,1,1,1,1,1,1,1,1,1,1,1,1,1,1,1,1,1,1,1,1,1,1,1,1,1,1,1,1,1,1,1,1,1,1,1,1,1,1,1,1,1,1,1,1,1,1,1,1,1,1,1,1,1,1,1,1,1,1,1,1,1,1,1,1,1,1,1,1,1,1,1,1,1,1,1,1,1,1,1,1,1,1,1,1,1,1,1,1,1,1,1,1,1,1,1,1,1,1,1,1,1,1,1,1,1,1,1,1,1,1,1,1,1,1,1,1,1,1,1,1,1,1,1,1,1,1,1,1,1,1,1,1,1,1,1,1,1,1,1,1,1,1,1,1,1,1,1,0.999642857,0.998928572,0.994375,0.993844612,0.98966809,0.985019249,0.97276545,0.962841577,0.951900992,0.939166901,0.92483828,0.910089994,0.893778683,0.868834891,0.839130625,0.822079135,0.796251672,0.774493131,0.746515179,0.710886313,0.674771079,0.622791586,0.569649698,0.527520314,0.486521152,0.426828818,0.392630896,0.342816988,0.302816653,0.258181041,0.227517963,0.195656701,0.166407271,0.141311055,0.125935088,0.110068743,0.093681777,0.083992165,0.073679935,0.05599822,0.049055186,0.038052592,0.030601904,0.027473351,0.015045853,0.007044673,0.004314311,0.004603581,0.004764441,0.001388889,0,0,0,0,0,0,0,0,0,0,0,0,0,0,0,0,0,0,0,0,0,0,0,0,0,0,0,0,0,0,0,0,0,0,0,0,0,0,0,0,0,0,0,0,0,0,0,0,0,0,0,0,0,0,0,0,0,0,0,0,0,0,0,0,0,0,0,0,0,0,0,0,0,0,0,0,0,0,0,0,0,0,0,0,0,0,0,0,0,0,0,0,0,0,0,0,0,0,0,0
19,1,1,1,1,1,1,1,1,1,1,1,1,1,1,1,1,1,1,1,1,1,1,1,1,1,1,1,1,1,1,1,1,1,1,1,1,1,1,1,1,1,1,1,1,1,1,1,1,1,1,1,1,1,1,1,1,1,1,1,1,1,1,1,1,1,1,1,1,1,1,1,1,1,1,1,1,1,1,1,1,1,1,1,1,1,1,1,1,1,1,1,1,1,1,1,1,1,1,1,1,1,1,1,1,1,1,1,1,1,1,1,1,1,1,1,1,1,1,1,1,1,1,1,1,1,1,1,1,1,1,1,1,1,1,1,1,1,1,1,1,1,1,1,1,1,1,1,1,1,1,1,1,1,1,1,1,0.998903209,0.999868421,0.997465147,0.995099076,0.98958905,0.982122295,0.97740139,0.958863475,0.945703806,0.930818132,0.912121407,0.894282745,0.874643009,0.863385266,0.84035271,0.818151515,0.784566817,0.744372752,0.71257818,0.678780245,0.656848258,0.612384348,0.563894839,0.525924627,0.460417339,0.408798006,0.369852373,0.352856665,0.312220558,0.274937974,0.239107241,0.197873675,0.169192176,0.145467448,0.119388535,0.099963533,0.086933608,0.076934602,0.065984821,0.059799241,0.05660289,0.043159611,0.032414665,0.023420923,0.013307494,0.008211312,0.007505845,0.007517182,0.004273504,0.002262837,0.000636132,0,0,0,0,0,0,0,0,0,0,0,0,0,0,0,0,0,0,0,0,0,0,0,0,0,0,0,0,0,0,0,0,0,0,0,0,0,0,0,0,0,0,0,0,0,0,0,0,0,0,0,0,0,0,0,0,0,0,0,0,0,0,0,0,0,0,0,0,0,0,0,0,0,0,0,0,0,0,0,0,0,0,0,0,0,0,0,0,0,0,0,0,0
20,1,1,1,1,1,1,1,1,1,1,1,1,1,1,1,1,1,1,1,1,1,1,1,1,1,1,1,1,1,1,1,1,1,1,1,1,1,1,1,1,1,1,1,1,1,1,1,1,1,1,1,1,1,1,1,1,1,1,1,1,1,1,1,1,1,1,1,1,1,1,1,1,1,1,1,1,1,1,1,1,1,1,1,1,1,1,1,1,1,1,1,1,1,1,1,1,1,1,1,1,1,1,1,1,1,1,1,1,1,1,1,1,1,1,1,1,1,1,1,1,1,1,1,1,1,1,1,1,1,1,1,1,1,1,1,1,1,1,1,1,1,1,1,1,1,1,1,1,1,1,1,1,1,1,1,1,1,1,1,1,1,1,0.997625,0.993990385,0.994122549,0.98846295,0.984210282,0.977448603,0.973101919,0.960736553,0.947569711,0.920319587,0.905642198,0.887216783,0.868585901,0.851659813,0.816289595,0.797207671,0.768069233,0.747216138,0.699968138,0.646898198,0.622979143,0.590534311,0.556974102,0.501337383,0.454832298,0.428115218,0.387826488,0.34833059,0.296373617,0.266511931,0.237508815,0.206990936,0.176672128,0.134726699,0.119410823,0.10646103,0.092266163,0.071774391,0.063399209,0.05443015,0.048009035,0.039184177,0.032518205,0.020052392,0.014454805,0.005641026,0.004697592,0.001298701,0,0,0,0,0,0,0,0,0,0,0,0,0,0,0,0,0,0,0,0,0,0,0,0,0,0,0,0,0,0,0,0,0,0,0,0,0,0,0,0,0,0,0,0,0,0,0,0,0,0,0,0,0,0,0,0,0,0,0,0,0,0,0,0,0,0,0,0,0,0,0,0,0,0,0,0,0,0,0,0,0,0,0,0,0,0,0,0,0,0
21,1,1,1,1,1,1,1,1,1,1,1,1,1,1,1,1,1,1,1,1,1,1,1,1,1,1,1,1,1,1,1,1,1,1,1,1,1,1,1,1,1,1,1,1,1,1,1,1,1,1,1,1,1,1,1,1,1,1,1,1,1,1,1,1,1,1,1,1,1,1,1,1,1,1,1,1,1,1,1,1,1,1,1,1,1,1,1,1,1,1,1,1,1,1,1,1,1,1,1,1,1,1,1,1,1,1,1,1,1,1,1,1,1,1,1,1,1,1,1,1,1,1,1,1,1,1,1,1,1,1,1,1,1,1,1,1,1,1,1,1,1,1,1,1,1,1,1,1,1,1,1,1,1,1,1,1,1,1,1,1,1,1,1,1,0.999386364,0.9975,0.9975,0.99665,0.993928572,0.992172619,0.989045455,0.98553029,0.983163004,0.974763252,0.957235348,0.944680892,0.928579209,0.90363512,0.892932816,0.872548381,0.856902667,0.845270328,0.827129209,0.79387543,0.764861969,0.742522768,0.707957806,0.672244251,0.630947571,0.580711802,0.530817738,0.485464013,0.446705343,0.40702182,0.375371167,0.332262006,0.311469629,0.271065378,0.234232007,0.203174108,0.177534214,0.147090808,0.129872162,0.109163564,0.088857344,0.073883747,0.061824503,0.055389078,0.042041793,0.030567892,0.020922385,0.018034678,0.014106842,0.010714286,0.010405759,0.001399825,0,0,0,0,0,0,0,0,0,0,0,0,0,0,0,0,0,0,0,0,0,0,0,0,0,0,0,0,0,0,0,0,0,0,0,0,0,0,0,0,0,0,0,0,0,0,0,0,0,0,0,0,0,0,0,0,0,0,0,0,0,0,0,0,0,0,0,0,0,0,0,0,0,0,0,0,0,0,0,0,0,0,0,0
22,1,1,1,1,1,1,1,1,1,1,1,1,1,1,1,1,1,1,1,1,1,1,1,1,1,1,1,1,1,1,1,1,1,1,1,1,1,1,1,1,1,1,1,1,1,1,1,1,1,1,1,1,1,1,1,1,1,1,1,1,1,1,1,1,1,1,1,1,1,1,1,1,1,1,1,1,1,1,1,1,1,1,1,1,1,1,1,1,1,1,1,1,1,1,1,1,1,1,1,1,1,1,1,1,1,1,1,1,1,1,1,1,1,1,1,1,1,1,1,1,1,1,1,1,1,1,1,1,1,1,1,1,1,1,1,1,1,1,1,1,1,1,1,1,1,1,1,1,1,1,1,1,1,1,1,1,1,1,1,1,1,1,0.9999,0.999615385,0.99925,1,1,0.999886364,0.999895833,0.999318182,0.999464286,0.998368056,0.999325397,0.9955,0.997019608,0.993743287,0.9893283,0.988954916,0.978751524,0.964611453,0.954660186,0.939653127,0.919993259,0.910165381,0.88951634,0.869561921,0.848602797,0.832963123,0.805572483,0.797617608,0.766773345,0.746657859,0.703452534,0.654579077,0.624282449,0.573389994,0.536397936,0.48856575,0.437425519,0.40885618,0.363252314,0.340353902,0.312197515,0.267242874,0.234969446,0.199642411,0.169796715,0.156872103,0.128776521,0.109738589,0.094449388,0.080814484,0.065753279,0.051343976,0.045405626,0.038436271,0.030274899,0.023168578,0.019855775,0.015025907,0.007705812,0.005657093,0.00249566,0.003113553,0.002590674,0.001937984,0,0,0,0,0,0,0,0,0,0,0,0,0,0,0,0,0,0,0,0,0,0,0,0,0,0,0,0,0,0,0,0,0,0,0,0,0,0,0,0,0,0,0,0,0,0,0,0,0,0,0,0,0,0,0,0,0,0,0,0,0,0,0,0,0,0,0,0,0,0,0,0,0,0
23,1,1,1,1,1,1,1,1,1,1,1,1,1,1,1,1,1,1,1,1,1,1,1,1,1,1,1,1,1,1,1,1,1,1,1,1,1,1,1,1,1,1,1,1,1,1,1,1,1,1,1,1,1,1,1,1,1,1,1,1,1,1,1,1,1,1,1,1,1,1,1,1,1,1,1,1,1,1,1,1,1,1,1,1,1,1,1,1,1,1,1,1,1,1,1,1,1,1,1,1,1,1,1,1,1,1,1,1,1,1,1,1,1,1,1,1,1,1,1,1,1,1,1,1,1,1,1,1,1,1,1,1,1,1,1,1,1,1,1,1,1,1,1,1,1,1,1,1,1,1,1,1,1,1,1,1,1,1,1,1,1,1,1,1,1,1,1,1,1,1,1,0.9998,1,1,0.9995,0.9975,0.9975,0.9975,1,0.996800239,0.993580921,0.992573841,0.991049219,0.980017711,0.969236742,0.957636045,0.957322647,0.937816439,0.926548769,0.904553675,0.886374105,0.872289121,0.856493904,0.84157898,0.82188098,0.794285137,0.754276712,0.716388557,0.683211868,0.657254455,0.601993418,0.564757342,0.532620213,0.49174561,0.464281376,0.415682624,0.374423129,0.325271607,0.294253505,0.262133667,0.22407705,0.207667314,0.184114967,0.160637717,0.147378336,0.131000731,0.107403362,0.09002985,0.07573264,0.065064766,0.051576994,0.042606923,0.039043871,0.029870801,0.024471901,0.020424107,0.014806988,0.010675092,0.005277045,0.003710575,0.00249418,0.002544529,0.001272265,0.002624672,0.002510556,0,0,0,0,0,0,0,0,0,0,0,0,0,0,0,0,0,0,0,0,0,0,0,0,0,0,0,0,0,0,0,0,0,0,0,0,0,0,0,0,0,0,0,0,0,0,0,0,0,0,0,0,0,0,0,0,0,0,0,0,0,0,0,0,0
24,1,1,1,1,1,1,1,1,1,1,1,1,1,1,1,1,1,1,1,1,1,1,1,1,1,1,1,1,1,1,1,1,1,1,1,1,1,1,1,1,1,1,1,1,1,1,1,1,1,1,1,1,1,1,1,1,1,1,1,1,1,1,1,1,1,1,1,1,1,1,1,1,1,1,1,1,1,1,1,1,1,1,1,1,1,1,1,1,1,1,1,1,1,1,1,1,1,1,1,1,1,1,1,1,1,1,1,1,1,1,1,1,1,1,1,1,1,1,1,1,1,1,1,1,1,1,1,1,1,1,1,1,1,1,1,1,1,1,1,1,1,1,1,1,1,1,1,1,1,1,1,1,1,1,1,1,1,1,1,1,1,1,1,1,1,1,1,1,1,1,1,1,1,1,1,1,1,1,0.998,0.998,0.9975,0.9975,0.9975,0.9975,0.9975,0.996286634,0.994449405,0.991305921,0.984652778,0.975348485,0.975140547,0.967540349,0.953578176,0.939157753,0.93547376,0.911376476,0.900274713,0.875319656,0.849081236,0.828277158,0.815894499,0.77754078,0.753027361,0.722821175,0.690788466,0.672197131,0.630365234,0.562968678,0.526403315,0.475745451,0.447327997,0.403373216,0.353123212,0.313029974,0.284588399,0.250833424,0.225918379,0.20338925,0.177326826,0.159189977,0.137594149,0.123813922,0.111062905,0.103647925,0.081414975,0.067709245,0.052802775,0.047747972,0.037759798,0.026891002,0.021479482,0.018181818,0.014546811,0.011608928,0.008813215,0.005538579,0.003418803,0.002590674,0.002604167,0.001731602,0,0,0,0,0,0,0,0,0,0,0,0,0,0,0,0,0,0,0,0,0,0,0,0,0,0,0,0,0,0,0,0,0,0,0,0,0,0,0,0,0,0,0,0,0,0,0,0,0,0,0,0,0,0,0,0,0,0,0,0
25,1,1,1,1,1,1,1,1,1,1,1,1,1,1,1,1,1,1,1,1,1,1,1,1,1,1,1,1,1,1,1,1,1,1,1,1,1,1,1,1,1,1,1,1,1,1,1,1,1,1,1,1,1,1,1,1,1,1,1,1,1,1,1,1,1,1,1,1,1,1,1,1,1,1,1,1,1,1,1,1,1,1,1,1,1,1,1,1,1,1,1,1,1,1,1,1,1,1,1,1,1,1,1,1,1,1,1,1,1,1,1,1,1,1,1,1,1,1,1,1,1,1,1,1,1,1,1,1,1,1,1,1,1,1,1,1,1,1,1,1,1,1,1,1,1,1,1,1,1,1,1,1,1,1,1,1,1,1,1,1,1,1,1,1,1,1,1,1,1,1,1,1,1,1,1,1,1,1,1,1,1,1,0.9985,0.998,0.9975,0.9975,0.9975,0.9975,0.9975,0.997104167,0.996558442,0.994660088,0.992506945,0.984203739,0.983653578,0.976660913,0.969251407,0.959912419,0.951329816,0.937983969,0.928714982,0.908334637,0.896620309,0.866382637,0.845981727,0.832855917,0.804642332,0.780418395,0.743149813,0.722524961,0.680654991,0.640355251,0.600865267,0.553275567,0.529163696,0.48196199,0.439729841,0.393517767,0.366356794,0.318103597,0.28375388,0.257269885,0.225868947,0.198253799,0.174957188,0.15765873,0.146980023,0.130285467,0.112364269,0.100503749,0.08408771,0.074990003,0.061241725,0.048778762,0.04250713,0.031008924,0.026910867,0.025455745,0.020278293,0.013456368,0.012615899,0.009470529,0.006749156,0.005154639,0.0044748,0.002469136,0.002274105,0.000868055,0.002158895,0,0,0,0,0,0,0,0,0,0,0,0,0,0,0,0,0,0,0,0,0,0,0,0,0,0,0,0,0,0,0,0,0,0,0,0,0,0,0,0,0,0,0,0,0,0,0,0,0,0,0
26,1,1,1,1,1,1,1,1,1,1,1,1,1,1,1,1,1,1,1,1,1,1,1,1,1,1,1,1,1,1,1,1,1,1,1,1,1,1,1,1,1,1,1,1,1,1,1,1,1,1,1,1,1,1,1,1,1,1,1,1,1,1,1,1,1,1,1,1,1,1,1,1,1,1,1,1,1,1,1,1,1,1,1,1,1,1,1,1,1,1,1,1,1,1,1,1,1,1,1,1,1,1,1,1,1,1,1,1,1,1,1,1,1,1,1,1,1,1,1,1,1,1,1,1,1,1,1,1,1,1,1,1,1,1,1,1,1,1,1,1,1,1,1,1,1,1,1,1,1,1,1,1,1,1,1,1,1,1,1,1,1,1,1,1,1,1,1,1,1,1,1,1,1,1,1,1,1,1,1,1,1,1,1,1,1,1,0.999705882,0.998125,0.9975,0.9975,0.9975,0.9975,0.9975,0.9975,0.9965625,0.997166667,0.995819445,0.991153274,0.985600233,0.981131411,0.972551786,0.967399956,0.958243824,0.958643891,0.95501886,0.932947855,0.91381328,0.904941653,0.892842683,0.861945573,0.854260812,0.827106879,0.799635341,0.767680707,0.747923816,0.703371541,0.664967368,0.616913586,0.577286587,0.55029617,0.51906615,0.47711698,0.440560768,0.398789652,0.359023044,0.331145606,0.291271967,0.246832859,0.218063747,0.19871386,0.175107264,0.168787091,0.144611075,0.119738781,0.100853879,0.095967038,0.083466355,0.075078131,0.068696362,0.053393836,0.048149873,0.037768635,0.02875722,0.019761273,0.017835213,0.017113095,0.015491414,0.014009432,0.010799905,0.009228498,0.007567368,0.006778235,0.002906617,0.002493144,0.002597403,0.001020408,0,0,0,0,0,0,0,0,0,0,0,0,0,0,0,0,0,0,0,0,0,0,0,0,0,0,0,0,0,0,0,0,0,0,0,0,0,0,0,0,0,0,0,0
27,1,1,1,1,1,1,1,1,1,1,1,1,1,1,1,1,1,1,1,1,1,1,1,1,1,1,1,1,1,1,1,1,1,1,1,1,1,1,1,1,1,1,1,1,1,1,1,1,1,1,1,1,1,1,1,1,1,1,1,1,1,1,1,1,1,1,1,1,1,1,1,1,1,1,1,1,1,1,1,1,1,1,1,1,1,1,1,1,1,1,1,1,1,1,1,1,1,1,1,1,1,1,1,1,1,1,1,1,1,1,1,1,1,1,1,1,1,1,1,1,1,1,1,1,1,1,1,1,1,1,1,1,1,1,1,1,1,1,1,1,1,1,1,1,1,1,1,1,1,1,1,1,1,1,1,1,1,1,1,1,1,1,1,1,1,1,1,1,1,1,1,1,1,1,1,1,1,1,1,1,1,1,1,1,1,1,1,1,1,1,1,0.9996875,0.999423077,0.9985,1,0.998,0.997368421,0.9975,0.997266304,0.9946875,0.995047619,0.99125,0.988422619,0.987719298,0.9815625,0.977332035,0.973120643,0.96515796,0.957369675,0.943600427,0.930401013,0.914212387,0.901025355,0.891977804,0.876272173,0.855430096,0.846977375,0.833623678,0.79968288,0.765669537,0.739833233,0.725176379,0.684587815,0.640728379,0.581661795,0.545329044,0.507496568,0.473811178,0.428870465,0.403154994,0.365023495,0.333835331,0.292491484,0.267565636,0.242730111,0.220042283,0.186483827,0.157907074,0.131664682,0.116404539,0.102220238,0.091074513,0.081622021,0.072029743,0.062880105,0.048786496,0.039487685,0.033449377,0.026657963,0.024919796,0.022542044,0.019241459,0.015264273,0.010226343,0.009664948,0.009004776,0.006585082,0.006718346,0.003499562,0.002493438,0.002610966,0.000657895,0,0,0,0,0,0,0,0,0,0,0,0,0,0,0,0,0,0,0,0,0,0,0,0,0,0,0,0,0,0,0,0,0,0,0,0,0,0
28,1,1,1,1,1,1,1,1,1,1,1,1,1,1,1,1,1,1,1,1,1,1,1,1,1,1,1,1,1,1,1,1,1,1,1,1,1,1,1,1,1,1,1,1,1,1,1,1,1,1,1,1,1,1,1,1,1,1,1,1,1,1,1,1,1,1,1,1,1,1,1,1,1,1,1,1,1,1,1,1,1,1,1,1,1,1,1,1,1,1,1,1,1,1,1,1,1,1,1,1,1,1,1,1,1,1,1,1,1,1,1,1,1,1,1,1,1,1,1,1,1,1,1,1,1,1,1,1,1,1,1,1,1,1,1,1,1,1,1,1,1,1,1,1,1,1,1,1,1,1,1,1,1,1,1,1,1,1,1,1,1,1,1,1,1,1,1,1,1,1,1,1,1,1,1,1,1,1,1,1,1,1,1,1,1,1,1,1,1,1,1,1,1,1,1,0.999910714,0.999852941,1,0.999782609,1,1,0.9995625,0.9970875,0.996583333,0.994927083,0.994603175,0.991166667,0.9885,0.989871795,0.983610119,0.980892462,0.972955128,0.967050558,0.956586192,0.948484127,0.938852287,0.92521569,0.905584761,0.901551496,0.886664436,0.877604548,0.861130701,0.832780053,0.815739951,0.787696647,0.760454879,0.742791714,0.702606271,0.666235884,0.627908737,0.594461289,0.54817988,0.508187795,0.478770906,0.45513409,0.418840372,0.386911465,0.342668938,0.308879396,0.274332898,0.245663328,0.209861433,0.190757624,0.162503313,0.133974496,0.116014746,0.10204334,0.094104595,0.079640442,0.067642726,0.058503725,0.047049492,0.040397055,0.039358925,0.034981044,0.025695279,0.021702032,0.017583551,0.016598816,0.013834263,0.010170604,0.0078125,0.007894737,0.007448187,0.006722713,0.004774146,0.002478851,0.002319588,0.00257732,0.001472754,0.000870322,0,0,0,0,0,0,0,0,0,0,0,0,0,0,0,0,0,0,0,0,0,0,0,0,0,0,0,0,0
29,1,1,1,1,1,1,1,1,1,1,1,1,1,1,1,1,1,1,1,1,1,1,1,1,1,1,1,1,1,1,1,1,1,1,1,1,1,1,1,1,1,1,1,1,1,1,1,1,1,1,1,1,1,1,1,1,1,1,1,1,1,1,1,1,1,1,1,1,1,1,1,1,1,1,1,1,1,1,1,1,1,1,1,1,1,1,1,1,1,1,1,1,1,1,1,1,1,1,1,1,1,1,1,1,1,1,1,1,1,1,1,1,1,1,1,1,1,1,1,1,1,1,1,1,1,1,1,1,1,1,1,1,1,1,1,1,1,1,1,1,1,1,1,1,1,1,1,1,1,1,1,1,1,1,1,1,1,1,1,1,1,1,1,1,1,1,1,1,1,1,1,1,1,1,1,1,1,1,1,1,1,1,1,1,1,1,1,1,1,1,1,1,1,1,1,1,1,1,1,1,1,1,1,1,0.9990625,0.9975,0.9975,0.9975,0.9975,0.9975,0.997375,0.997391304,0.997196691,0.991496795,0.989915373,0.98113962,0.973270501,0.970120933,0.958135823,0.954071502,0.941298608,0.929578568,0.912711813,0.907474889,0.901287099,0.891017155,0.872902481,0.850850447,0.829455334,0.807387182,0.784225817,0.767057921,0.730676591,0.708350352,0.670845694,0.623029115,0.588340788,0.535463654,0.505150372,0.485253286,0.449526799,0.438817772,0.398452218,0.367137768,0.319924775,0.282801725,0.248137731,0.220707465,0.203844012,0.179083436,0.150026115,0.129340896,0.115247691,0.095358947,0.084648421,0.07007724,0.060913495,0.051022849,0.046259126,0.039555057,0.027251958,0.025306286,0.022289152,0.019856506,0.015916306,0.012022263,0.010814249,0.010153846,0.010192128,0.007664365,0.005427021,0.004177546,0.003427592,0.002473717,0.00257732,0.001754386,0.002278646,0,0,0,0,0,0,0,0,0,0,0,0,0,0,0,0,0,0,0,0,0,0,0
